experiment,model,feature,selection_score
binary_detection,logistic_regression,num__unique_destinations_window,134320.23800985818
binary_detection,logistic_regression,cat__tls_version_TLSv13,122157.38933576661
binary_detection,logistic_regression,num__source_connections_window,82792.38478539333
binary_detection,logistic_regression,cat__tls_version_TLSv12,53561.972849970356
binary_detection,logistic_regression,cat__tls_cipher_TLS_AES_256_GCM_SHA384,47904.9071735955
binary_detection,logistic_regression,num__tls_sni_reuse_count_mean,20336.065934942057
binary_detection,logistic_regression,cat__tls_curve_x25519,19682.232968063305
binary_detection,logistic_regression,cat__tls_cipher_TLS_ECDHE_RSA_WITH_AES_128_GCM_SHA256,17156.628086893143
binary_detection,logistic_regression,num__active_span_seconds,10932.010622777963
binary_detection,logistic_regression,num__bytes_per_packet,9552.307236025632
binary_detection,logistic_regression,cat__tls_curve_secp256r1,8727.467765264575
binary_detection,logistic_regression,num__dns_ttl_std,7222.6777509165195
binary_detection,logistic_regression,cat__tls_cipher_TLS_AES_128_GCM_SHA256,5973.9416653684275
binary_detection,logistic_regression,num__dns_unique_queries_window,5922.440550882561
binary_detection,logistic_regression,cat__tls_curve_unknown,4418.206141035954
binary_detection,logistic_regression,num__mean_iat,4058.172146084019
binary_detection,logistic_regression,num__cv_iat,4033.8594192190753
binary_detection,logistic_regression,num__tls_sni_entropy_mean,4014.5830551274744
binary_detection,logistic_regression,num__duration_median,3842.4353936485372
binary_detection,logistic_regression,num__duration_mean,3808.8007839791817
binary_detection,logistic_regression,cat__tls_next_protocol_unknown,3696.386834135852
binary_detection,logistic_regression,num__tls_established_ratio,3620.5254659712023
binary_detection,logistic_regression,cat__service_http,3484.3039725984213
binary_detection,logistic_regression,num__median_iat,3462.007104850766
binary_detection,logistic_regression,cat__conn_state_REJ,2543.0968861266288
binary_detection,logistic_regression,num__mad_iat,2523.2129629835804
binary_detection,logistic_regression,num__std_iat,2164.3171328996586
binary_detection,logistic_regression,num__tls_resumed_ratio,1988.7267878369278
binary_detection,logistic_regression,cat__tls_next_protocol_h2,1661.6261489028489
binary_detection,logistic_regression,cat__tls_next_protocol_http/1.1,1605.063262992208
binary_detection,logistic_regression,num__duration_std,1579.9243286667481
binary_detection,logistic_regression,cat__service_ssl,1420.4656226235847
binary_detection,logistic_regression,num__dns_ttl_mean,1367.7384994242034
binary_detection,logistic_regression,num__tls_sni_length_mean,1254.723637541791
binary_detection,logistic_regression,num__tls_sni_digit_ratio_mean,1178.9174892589224
binary_detection,logistic_regression,cat__tls_version_TLSv10,1144.0413642069607
binary_detection,logistic_regression,num__http_status_code_median,1041.026782803091
binary_detection,logistic_regression,num__dns_query_length_mean,1017.4440145304825
binary_detection,logistic_regression,cat__tls_cipher_TLS_ECDHE_RSA_WITH_AES_256_GCM_SHA384,1011.778153197506
binary_detection,logistic_regression,cat__tls_cipher_TLS_RSA_WITH_AES_128_CBC_SHA,917.0062701284694
binary_detection,logistic_regression,num__dns_answer_count_mean,760.7466079967587
binary_detection,logistic_regression,num__burstiness,740.0539859376597
binary_detection,logistic_regression,cat__dns_qtype_A,599.4685374475191
binary_detection,logistic_regression,cat__proto_udp,594.4959207827519
binary_detection,logistic_regression,cat__dns_qtype_PTR,569.2012192909115
binary_detection,logistic_regression,num__http_user_agent_reuse_mean,564.1076210329867
binary_detection,logistic_regression,num__tls_sni_present_ratio,541.0834535876162
binary_detection,logistic_regression,cat__service_unknown,539.096683033754
binary_detection,logistic_regression,cat__tls_cipher_TLS_ECDHE_ECDSA_WITH_AES_128_GCM_SHA256,534.532606136715
binary_detection,logistic_regression,cat__tls_curve_X25519MLKEM768,516.95266257552
binary_detection,decision_tree,num__unique_destinations_window,134320.23800985818
binary_detection,decision_tree,cat__tls_version_TLSv13,122157.38933576661
binary_detection,decision_tree,num__source_connections_window,82792.38478539333
binary_detection,decision_tree,cat__tls_version_TLSv12,53561.972849970356
binary_detection,decision_tree,cat__tls_cipher_TLS_AES_256_GCM_SHA384,47904.9071735955
binary_detection,decision_tree,num__tls_sni_reuse_count_mean,20336.065934942057
binary_detection,decision_tree,cat__tls_curve_x25519,19682.232968063305
binary_detection,decision_tree,cat__tls_cipher_TLS_ECDHE_RSA_WITH_AES_128_GCM_SHA256,17156.628086893143
binary_detection,decision_tree,num__active_span_seconds,10932.010622777963
binary_detection,decision_tree,num__bytes_per_packet,9552.307236025632
binary_detection,decision_tree,cat__tls_curve_secp256r1,8727.467765264575
binary_detection,decision_tree,num__dns_ttl_std,7222.6777509165195
binary_detection,decision_tree,cat__tls_cipher_TLS_AES_128_GCM_SHA256,5973.9416653684275
binary_detection,decision_tree,num__dns_unique_queries_window,5922.440550882561
binary_detection,decision_tree,cat__tls_curve_unknown,4418.206141035954
binary_detection,decision_tree,num__mean_iat,4058.172146084019
binary_detection,decision_tree,num__cv_iat,4033.8594192190753
binary_detection,decision_tree,num__tls_sni_entropy_mean,4014.5830551274744
binary_detection,decision_tree,num__duration_median,3842.4353936485372
binary_detection,decision_tree,num__duration_mean,3808.8007839791817
binary_detection,decision_tree,cat__tls_next_protocol_unknown,3696.386834135852
binary_detection,decision_tree,num__tls_established_ratio,3620.5254659712023
binary_detection,decision_tree,cat__service_http,3484.3039725984213
binary_detection,decision_tree,num__median_iat,3462.007104850766
binary_detection,decision_tree,cat__conn_state_REJ,2543.0968861266288
binary_detection,decision_tree,num__mad_iat,2523.2129629835804
binary_detection,decision_tree,num__std_iat,2164.3171328996586
binary_detection,decision_tree,num__tls_resumed_ratio,1988.7267878369278
binary_detection,decision_tree,cat__tls_next_protocol_h2,1661.6261489028489
binary_detection,decision_tree,cat__tls_next_protocol_http/1.1,1605.063262992208
binary_detection,decision_tree,num__duration_std,1579.9243286667481
binary_detection,decision_tree,cat__service_ssl,1420.4656226235847
binary_detection,decision_tree,num__dns_ttl_mean,1367.7384994242034
binary_detection,decision_tree,num__tls_sni_length_mean,1254.723637541791
binary_detection,decision_tree,num__tls_sni_digit_ratio_mean,1178.9174892589224
binary_detection,decision_tree,cat__tls_version_TLSv10,1144.0413642069607
binary_detection,decision_tree,num__http_status_code_median,1041.026782803091
binary_detection,decision_tree,num__dns_query_length_mean,1017.4440145304825
binary_detection,decision_tree,cat__tls_cipher_TLS_ECDHE_RSA_WITH_AES_256_GCM_SHA384,1011.778153197506
binary_detection,decision_tree,cat__tls_cipher_TLS_RSA_WITH_AES_128_CBC_SHA,917.0062701284694
binary_detection,decision_tree,num__dns_answer_count_mean,760.7466079967587
binary_detection,decision_tree,num__burstiness,740.0539859376597
binary_detection,decision_tree,cat__dns_qtype_A,599.4685374475191
binary_detection,decision_tree,cat__proto_udp,594.4959207827519
binary_detection,decision_tree,cat__dns_qtype_PTR,569.2012192909115
binary_detection,decision_tree,num__http_user_agent_reuse_mean,564.1076210329867
binary_detection,decision_tree,num__tls_sni_present_ratio,541.0834535876162
binary_detection,decision_tree,cat__service_unknown,539.096683033754
binary_detection,decision_tree,cat__tls_cipher_TLS_ECDHE_ECDSA_WITH_AES_128_GCM_SHA256,534.532606136715
binary_detection,decision_tree,cat__tls_curve_X25519MLKEM768,516.95266257552
binary_detection,random_forest,num__unique_destinations_window,134320.23800985818
binary_detection,random_forest,cat__tls_version_TLSv13,122157.38933576661
binary_detection,random_forest,num__source_connections_window,82792.38478539333
binary_detection,random_forest,cat__tls_version_TLSv12,53561.972849970356
binary_detection,random_forest,cat__tls_cipher_TLS_AES_256_GCM_SHA384,47904.9071735955
binary_detection,random_forest,num__tls_sni_reuse_count_mean,20336.065934942057
binary_detection,random_forest,cat__tls_curve_x25519,19682.232968063305
binary_detection,random_forest,cat__tls_cipher_TLS_ECDHE_RSA_WITH_AES_128_GCM_SHA256,17156.628086893143
binary_detection,random_forest,num__active_span_seconds,10932.010622777963
binary_detection,random_forest,num__bytes_per_packet,9552.307236025632
binary_detection,random_forest,cat__tls_curve_secp256r1,8727.467765264575
binary_detection,random_forest,num__dns_ttl_std,7222.6777509165195
binary_detection,random_forest,cat__tls_cipher_TLS_AES_128_GCM_SHA256,5973.9416653684275
binary_detection,random_forest,num__dns_unique_queries_window,5922.440550882561
binary_detection,random_forest,cat__tls_curve_unknown,4418.206141035954
binary_detection,random_forest,num__mean_iat,4058.172146084019
binary_detection,random_forest,num__cv_iat,4033.8594192190753
binary_detection,random_forest,num__tls_sni_entropy_mean,4014.5830551274744
binary_detection,random_forest,num__duration_median,3842.4353936485372
binary_detection,random_forest,num__duration_mean,3808.8007839791817
binary_detection,random_forest,cat__tls_next_protocol_unknown,3696.386834135852
binary_detection,random_forest,num__tls_established_ratio,3620.5254659712023
binary_detection,random_forest,cat__service_http,3484.3039725984213
binary_detection,random_forest,num__median_iat,3462.007104850766
binary_detection,random_forest,cat__conn_state_REJ,2543.0968861266288
binary_detection,random_forest,num__mad_iat,2523.2129629835804
binary_detection,random_forest,num__std_iat,2164.3171328996586
binary_detection,random_forest,num__tls_resumed_ratio,1988.7267878369278
binary_detection,random_forest,cat__tls_next_protocol_h2,1661.6261489028489
binary_detection,random_forest,cat__tls_next_protocol_http/1.1,1605.063262992208
binary_detection,random_forest,num__duration_std,1579.9243286667481
binary_detection,random_forest,cat__service_ssl,1420.4656226235847
binary_detection,random_forest,num__dns_ttl_mean,1367.7384994242034
binary_detection,random_forest,num__tls_sni_length_mean,1254.723637541791
binary_detection,random_forest,num__tls_sni_digit_ratio_mean,1178.9174892589224
binary_detection,random_forest,cat__tls_version_TLSv10,1144.0413642069607
binary_detection,random_forest,num__http_status_code_median,1041.026782803091
binary_detection,random_forest,num__dns_query_length_mean,1017.4440145304825
binary_detection,random_forest,cat__tls_cipher_TLS_ECDHE_RSA_WITH_AES_256_GCM_SHA384,1011.778153197506
binary_detection,random_forest,cat__tls_cipher_TLS_RSA_WITH_AES_128_CBC_SHA,917.0062701284694
binary_detection,random_forest,num__dns_answer_count_mean,760.7466079967587
binary_detection,random_forest,num__burstiness,740.0539859376597
binary_detection,random_forest,cat__dns_qtype_A,599.4685374475191
binary_detection,random_forest,cat__proto_udp,594.4959207827519
binary_detection,random_forest,cat__dns_qtype_PTR,569.2012192909115
binary_detection,random_forest,num__http_user_agent_reuse_mean,564.1076210329867
binary_detection,random_forest,num__tls_sni_present_ratio,541.0834535876162
binary_detection,random_forest,cat__service_unknown,539.096683033754
binary_detection,random_forest,cat__tls_cipher_TLS_ECDHE_ECDSA_WITH_AES_128_GCM_SHA256,534.532606136715
binary_detection,random_forest,cat__tls_curve_X25519MLKEM768,516.95266257552
multiclass_attribution,logistic_regression,cat__tls_version_TLSv13,171219.0462954276
multiclass_attribution,logistic_regression,num__unique_destinations_window,33585.38535648651
multiclass_attribution,logistic_regression,cat__tls_version_TLSv12,30054.847612083086
multiclass_attribution,logistic_regression,cat__tls_cipher_TLS_AES_256_GCM_SHA384,21963.288970765552
multiclass_attribution,logistic_regression,num__source_connections_window,20734.221696377994
multiclass_attribution,logistic_regression,cat__conn_state_REJ,18061.387029084097
multiclass_attribution,logistic_regression,cat__tls_cipher_TLS_ECDHE_RSA_WITH_AES_128_GCM_SHA256,8027.383337288118
multiclass_attribution,logistic_regression,num__tls_sni_reuse_count_mean,7642.224466980561
multiclass_attribution,logistic_regression,cat__tls_curve_x25519,5005.8574571356385
multiclass_attribution,logistic_regression,cat__service_unknown,4525.9002368394185
multiclass_attribution,logistic_regression,num__bytes_per_packet,3651.2353613874566
multiclass_attribution,logistic_regression,num__active_span_seconds,3619.86669314942
multiclass_attribution,logistic_regression,num__http_request_body_fraction,2890.926098433965
multiclass_attribution,logistic_regression,cat__service_ssl,2776.259406327361
multiclass_attribution,logistic_regression,cat__conn_state_SF,2476.1123960808254
multiclass_attribution,logistic_regression,cat__tls_curve_secp256r1,2183.6786820874436
multiclass_attribution,logistic_regression,cat__tls_cipher_TLS_AES_128_GCM_SHA256,1953.4037064808047
multiclass_attribution,logistic_regression,num__dns_ttl_std,1913.034307107393
multiclass_attribution,logistic_regression,num__dns_unique_queries_window,1531.0983543461407
multiclass_attribution,logistic_regression,num__mean_iat,1414.5313529525233
multiclass_attribution,logistic_regression,cat__tls_cipher_TLS_RSA_WITH_AES_128_GCM_SHA256,1396.3480059150577
multiclass_attribution,logistic_regression,num__cv_iat,1369.6845437210827
multiclass_attribution,logistic_regression,cat__http_method_POST,1265.3959558583872
multiclass_attribution,logistic_regression,num__http_post_ratio,1249.645541253638
multiclass_attribution,logistic_regression,cat__http_method_GET,1236.8882968957537
multiclass_attribution,logistic_regression,num__median_iat,1226.9496698037137
multiclass_attribution,logistic_regression,num__http_get_ratio,1201.6146381744704
multiclass_attribution,logistic_regression,cat__tls_curve_unknown,1138.0712188843215
multiclass_attribution,logistic_regression,num__tls_sni_entropy_mean,1124.4146884678548
multiclass_attribution,logistic_regression,num__duration_median,1110.0473077207303
multiclass_attribution,logistic_regression,num__duration_mean,1101.5202020136953
multiclass_attribution,logistic_regression,cat__service_http,1100.222022478076
multiclass_attribution,logistic_regression,cat__tls_next_protocol_unknown,935.3490485226222
multiclass_attribution,logistic_regression,num__mad_iat,913.4544272967897
multiclass_attribution,logistic_regression,num__tls_established_ratio,905.2272761149532
multiclass_attribution,logistic_regression,"cat__service_quic,ssl",840.4911514340247
multiclass_attribution,logistic_regression,num__std_iat,829.708125540973
multiclass_attribution,logistic_regression,num__dns_span_minutes,748.2054430756049
multiclass_attribution,logistic_regression,num__http_request_body_len_mean,609.5977778544498
multiclass_attribution,logistic_regression,num__tls_sni_present_ratio,518.8620196355369
multiclass_attribution,logistic_regression,num__tls_resumed_ratio,516.9732456848899
multiclass_attribution,logistic_regression,num__http_uri_entropy_mean,497.38367504866477
multiclass_attribution,logistic_regression,num__dns_ttl_mean,435.52288253963206
multiclass_attribution,logistic_regression,cat__tls_next_protocol_h2,431.31803492941094
multiclass_attribution,logistic_regression,num__duration_std,420.0267984607534
multiclass_attribution,logistic_regression,cat__tls_curve_secp384r1,405.87037018843824
multiclass_attribution,logistic_regression,cat__tls_next_protocol_http/1.1,401.3050935614778
multiclass_attribution,logistic_regression,num__http_requests_window,348.90962180318655
multiclass_attribution,logistic_regression,num__tls_sni_length_mean,325.1063322597776
multiclass_attribution,logistic_regression,num__tls_sni_digit_ratio_mean,297.36472304231967
multiclass_attribution,decision_tree,cat__tls_version_TLSv13,171219.0462954276
multiclass_attribution,decision_tree,num__unique_destinations_window,33585.38535648651
multiclass_attribution,decision_tree,cat__tls_version_TLSv12,30054.847612083086
multiclass_attribution,decision_tree,cat__tls_cipher_TLS_AES_256_GCM_SHA384,21963.288970765552
multiclass_attribution,decision_tree,num__source_connections_window,20734.221696377994
multiclass_attribution,decision_tree,cat__conn_state_REJ,18061.387029084097
multiclass_attribution,decision_tree,cat__tls_cipher_TLS_ECDHE_RSA_WITH_AES_128_GCM_SHA256,8027.383337288118
multiclass_attribution,decision_tree,num__tls_sni_reuse_count_mean,7642.224466980561
multiclass_attribution,decision_tree,cat__tls_curve_x25519,5005.8574571356385
multiclass_attribution,decision_tree,cat__service_unknown,4525.9002368394185
multiclass_attribution,decision_tree,num__bytes_per_packet,3651.2353613874566
multiclass_attribution,decision_tree,num__active_span_seconds,3619.86669314942
multiclass_attribution,decision_tree,num__http_request_body_fraction,2890.926098433965
multiclass_attribution,decision_tree,cat__service_ssl,2776.259406327361
multiclass_attribution,decision_tree,cat__conn_state_SF,2476.1123960808254
multiclass_attribution,decision_tree,cat__tls_curve_secp256r1,2183.6786820874436
multiclass_attribution,decision_tree,cat__tls_cipher_TLS_AES_128_GCM_SHA256,1953.4037064808047
multiclass_attribution,decision_tree,num__dns_ttl_std,1913.034307107393
multiclass_attribution,decision_tree,num__dns_unique_queries_window,1531.0983543461407
multiclass_attribution,decision_tree,num__mean_iat,1414.5313529525233
multiclass_attribution,decision_tree,cat__tls_cipher_TLS_RSA_WITH_AES_128_GCM_SHA256,1396.3480059150577
multiclass_attribution,decision_tree,num__cv_iat,1369.6845437210827
multiclass_attribution,decision_tree,cat__http_method_POST,1265.3959558583872
multiclass_attribution,decision_tree,num__http_post_ratio,1249.645541253638
multiclass_attribution,decision_tree,cat__http_method_GET,1236.8882968957537
multiclass_attribution,decision_tree,num__median_iat,1226.9496698037137
multiclass_attribution,decision_tree,num__http_get_ratio,1201.6146381744704
multiclass_attribution,decision_tree,cat__tls_curve_unknown,1138.0712188843215
multiclass_attribution,decision_tree,num__tls_sni_entropy_mean,1124.4146884678548
multiclass_attribution,decision_tree,num__duration_median,1110.0473077207303
multiclass_attribution,decision_tree,num__duration_mean,1101.5202020136953
multiclass_attribution,decision_tree,cat__service_http,1100.222022478076
multiclass_attribution,decision_tree,cat__tls_next_protocol_unknown,935.3490485226222
multiclass_attribution,decision_tree,num__mad_iat,913.4544272967897
multiclass_attribution,decision_tree,num__tls_established_ratio,905.2272761149532
multiclass_attribution,decision_tree,"cat__service_quic,ssl",840.4911514340247
multiclass_attribution,decision_tree,num__std_iat,829.708125540973
multiclass_attribution,decision_tree,num__dns_span_minutes,748.2054430756049
multiclass_attribution,decision_tree,num__http_request_body_len_mean,609.5977778544498
multiclass_attribution,decision_tree,num__tls_sni_present_ratio,518.8620196355369
multiclass_attribution,decision_tree,num__tls_resumed_ratio,516.9732456848899
multiclass_attribution,decision_tree,num__http_uri_entropy_mean,497.38367504866477
multiclass_attribution,decision_tree,num__dns_ttl_mean,435.52288253963206
multiclass_attribution,decision_tree,cat__tls_next_protocol_h2,431.31803492941094
multiclass_attribution,decision_tree,num__duration_std,420.0267984607534
multiclass_attribution,decision_tree,cat__tls_curve_secp384r1,405.87037018843824
multiclass_attribution,decision_tree,cat__tls_next_protocol_http/1.1,401.3050935614778
multiclass_attribution,decision_tree,num__http_requests_window,348.90962180318655
multiclass_attribution,decision_tree,num__tls_sni_length_mean,325.1063322597776
multiclass_attribution,decision_tree,num__tls_sni_digit_ratio_mean,297.36472304231967
multiclass_attribution,random_forest,cat__tls_version_TLSv13,171219.0462954276
multiclass_attribution,random_forest,num__unique_destinations_window,33585.38535648651
multiclass_attribution,random_forest,cat__tls_version_TLSv12,30054.847612083086
multiclass_attribution,random_forest,cat__tls_cipher_TLS_AES_256_GCM_SHA384,21963.288970765552
multiclass_attribution,random_forest,num__source_connections_window,20734.221696377994
multiclass_attribution,random_forest,cat__conn_state_REJ,18061.387029084097
multiclass_attribution,random_forest,cat__tls_cipher_TLS_ECDHE_RSA_WITH_AES_128_GCM_SHA256,8027.383337288118
multiclass_attribution,random_forest,num__tls_sni_reuse_count_mean,7642.224466980561
multiclass_attribution,random_forest,cat__tls_curve_x25519,5005.8574571356385
multiclass_attribution,random_forest,cat__service_unknown,4525.9002368394185
multiclass_attribution,random_forest,num__bytes_per_packet,3651.2353613874566
multiclass_attribution,random_forest,num__active_span_seconds,3619.86669314942
multiclass_attribution,random_forest,num__http_request_body_fraction,2890.926098433965
multiclass_attribution,random_forest,cat__service_ssl,2776.259406327361
multiclass_attribution,random_forest,cat__conn_state_SF,2476.1123960808254
multiclass_attribution,random_forest,cat__tls_curve_secp256r1,2183.6786820874436
multiclass_attribution,random_forest,cat__tls_cipher_TLS_AES_128_GCM_SHA256,1953.4037064808047
multiclass_attribution,random_forest,num__dns_ttl_std,1913.034307107393
multiclass_attribution,random_forest,num__dns_unique_queries_window,1531.0983543461407
multiclass_attribution,random_forest,num__mean_iat,1414.5313529525233
multiclass_attribution,random_forest,cat__tls_cipher_TLS_RSA_WITH_AES_128_GCM_SHA256,1396.3480059150577
multiclass_attribution,random_forest,num__cv_iat,1369.6845437210827
multiclass_attribution,random_forest,cat__http_method_POST,1265.3959558583872
multiclass_attribution,random_forest,num__http_post_ratio,1249.645541253638
multiclass_attribution,random_forest,cat__http_method_GET,1236.8882968957537
multiclass_attribution,random_forest,num__median_iat,1226.9496698037137
multiclass_attribution,random_forest,num__http_get_ratio,1201.6146381744704
multiclass_attribution,random_forest,cat__tls_curve_unknown,1138.0712188843215
multiclass_attribution,random_forest,num__tls_sni_entropy_mean,1124.4146884678548
multiclass_attribution,random_forest,num__duration_median,1110.0473077207303
multiclass_attribution,random_forest,num__duration_mean,1101.5202020136953
multiclass_attribution,random_forest,cat__service_http,1100.222022478076
multiclass_attribution,random_forest,cat__tls_next_protocol_unknown,935.3490485226222
multiclass_attribution,random_forest,num__mad_iat,913.4544272967897
multiclass_attribution,random_forest,num__tls_established_ratio,905.2272761149532
multiclass_attribution,random_forest,"cat__service_quic,ssl",840.4911514340247
multiclass_attribution,random_forest,num__std_iat,829.708125540973
multiclass_attribution,random_forest,num__dns_span_minutes,748.2054430756049
multiclass_attribution,random_forest,num__http_request_body_len_mean,609.5977778544498
multiclass_attribution,random_forest,num__tls_sni_present_ratio,518.8620196355369
multiclass_attribution,random_forest,num__tls_resumed_ratio,516.9732456848899
multiclass_attribution,random_forest,num__http_uri_entropy_mean,497.38367504866477
multiclass_attribution,random_forest,num__dns_ttl_mean,435.52288253963206
multiclass_attribution,random_forest,cat__tls_next_protocol_h2,431.31803492941094
multiclass_attribution,random_forest,num__duration_std,420.0267984607534
multiclass_attribution,random_forest,cat__tls_curve_secp384r1,405.87037018843824
multiclass_attribution,random_forest,cat__tls_next_protocol_http/1.1,401.3050935614778
multiclass_attribution,random_forest,num__http_requests_window,348.90962180318655
multiclass_attribution,random_forest,num__tls_sni_length_mean,325.1063322597776
multiclass_attribution,random_forest,num__tls_sni_digit_ratio_mean,297.36472304231967
unseen_cobalt_strike,logistic_regression,num__unique_destinations_window,198756.1070605367
unseen_cobalt_strike,logistic_regression,num__source_connections_window,96252.42713909243
unseen_cobalt_strike,logistic_regression,cat__tls_version_TLSv13,38890.83879402946
unseen_cobalt_strike,logistic_regression,cat__tls_version_TLSv12,28111.288905538157
unseen_cobalt_strike,logistic_regression,cat__tls_curve_x25519,27147.78674666668
unseen_cobalt_strike,logistic_regression,num__tls_sni_reuse_count_mean,23209.353346159984
unseen_cobalt_strike,logistic_regression,cat__tls_cipher_TLS_ECDHE_RSA_WITH_AES_128_GCM_SHA256,14464.306477508611
unseen_cobalt_strike,logistic_regression,cat__tls_cipher_TLS_AES_256_GCM_SHA384,13286.50377508423
unseen_cobalt_strike,logistic_regression,cat__tls_curve_secp256r1,13095.70398235369
unseen_cobalt_strike,logistic_regression,num__active_span_seconds,12109.55940360601
unseen_cobalt_strike,logistic_regression,num__dns_ttl_std,10865.906569233308
unseen_cobalt_strike,logistic_regression,num__bytes_per_packet,10825.584155792953
unseen_cobalt_strike,logistic_regression,num__dns_unique_queries_window,8816.720118676038
unseen_cobalt_strike,logistic_regression,cat__tls_cipher_TLS_AES_128_GCM_SHA256,6116.738206147253
unseen_cobalt_strike,logistic_regression,cat__tls_curve_unknown,6049.848135195905
unseen_cobalt_strike,logistic_regression,cat__tls_next_protocol_unknown,5414.4604801908745
unseen_cobalt_strike,logistic_regression,num__tls_established_ratio,5309.785565627734
unseen_cobalt_strike,logistic_regression,cat__service_http,5021.973662583502
unseen_cobalt_strike,logistic_regression,num__mean_iat,4675.588104312886
unseen_cobalt_strike,logistic_regression,num__tls_sni_entropy_mean,4267.623696753564
unseen_cobalt_strike,logistic_regression,num__median_iat,3947.9372095367094
unseen_cobalt_strike,logistic_regression,num__cv_iat,3394.643823534375
unseen_cobalt_strike,logistic_regression,num__tls_resumed_ratio,3127.7041731826134
unseen_cobalt_strike,logistic_regression,num__mad_iat,2824.513593397241
unseen_cobalt_strike,logistic_regression,cat__service_ssl,2732.265733593837
unseen_cobalt_strike,logistic_regression,num__std_iat,2433.9297991787184
unseen_cobalt_strike,logistic_regression,cat__tls_next_protocol_http/1.1,2400.6103050964634
unseen_cobalt_strike,logistic_regression,cat__tls_next_protocol_h2,2396.2516073810775
unseen_cobalt_strike,logistic_regression,num__dns_ttl_mean,2097.9782393924415
unseen_cobalt_strike,logistic_regression,num__dns_span_minutes,1687.9001128817551
unseen_cobalt_strike,logistic_regression,num__dns_query_length_mean,1644.9793354958888
unseen_cobalt_strike,logistic_regression,cat__tls_version_TLSv10,1633.9930927051414
unseen_cobalt_strike,logistic_regression,num__tls_sni_length_mean,1566.422780429624
unseen_cobalt_strike,logistic_regression,num__http_status_code_median,1557.3942014686334
unseen_cobalt_strike,logistic_regression,cat__conn_state_REJ,1550.644042650837
unseen_cobalt_strike,logistic_regression,cat__tls_cipher_TLS_ECDHE_RSA_WITH_AES_256_GCM_SHA384,1417.7548490040936
unseen_cobalt_strike,logistic_regression,cat__tls_cipher_TLS_RSA_WITH_AES_128_CBC_SHA,1373.8799382990019
unseen_cobalt_strike,logistic_regression,num__tls_sni_digit_ratio_mean,1363.2954619952702
unseen_cobalt_strike,logistic_regression,num__http_user_agent_reuse_mean,1203.3639474150953
unseen_cobalt_strike,logistic_regression,num__burstiness,1146.7274491366213
unseen_cobalt_strike,logistic_regression,num__dns_answer_count_mean,1079.4952880346991
unseen_cobalt_strike,logistic_regression,cat__dns_qtype_A,885.1465198757222
unseen_cobalt_strike,logistic_regression,cat__dns_qtype_PTR,832.5229983804953
unseen_cobalt_strike,logistic_regression,cat__tls_cipher_TLS_ECDHE_ECDSA_WITH_AES_128_GCM_SHA256,816.7124491755441
unseen_cobalt_strike,logistic_regression,cat__proto_udp,802.8352008254493
unseen_cobalt_strike,logistic_regression,num__dns_cv_iat,760.6003918410088
unseen_cobalt_strike,logistic_regression,num__tls_sni_present_ratio,704.1537519514757
unseen_cobalt_strike,logistic_regression,num__dns_label_count_mean,696.474467092305
unseen_cobalt_strike,logistic_regression,cat__tls_cipher_TLS_RSA_WITH_AES_256_CBC_SHA,660.4135071621351
unseen_cobalt_strike,logistic_regression,cat__conn_state_S0,657.2482864992036
unseen_cobalt_strike,decision_tree,num__unique_destinations_window,198756.1070605367
unseen_cobalt_strike,decision_tree,num__source_connections_window,96252.42713909243
unseen_cobalt_strike,decision_tree,cat__tls_version_TLSv13,38890.83879402946
unseen_cobalt_strike,decision_tree,cat__tls_version_TLSv12,28111.288905538157
unseen_cobalt_strike,decision_tree,cat__tls_curve_x25519,27147.78674666668
unseen_cobalt_strike,decision_tree,num__tls_sni_reuse_count_mean,23209.353346159984
unseen_cobalt_strike,decision_tree,cat__tls_cipher_TLS_ECDHE_RSA_WITH_AES_128_GCM_SHA256,14464.306477508611
unseen_cobalt_strike,decision_tree,cat__tls_cipher_TLS_AES_256_GCM_SHA384,13286.50377508423
unseen_cobalt_strike,decision_tree,cat__tls_curve_secp256r1,13095.70398235369
unseen_cobalt_strike,decision_tree,num__active_span_seconds,12109.55940360601
unseen_cobalt_strike,decision_tree,num__dns_ttl_std,10865.906569233308
unseen_cobalt_strike,decision_tree,num__bytes_per_packet,10825.584155792953
unseen_cobalt_strike,decision_tree,num__dns_unique_queries_window,8816.720118676038
unseen_cobalt_strike,decision_tree,cat__tls_cipher_TLS_AES_128_GCM_SHA256,6116.738206147253
unseen_cobalt_strike,decision_tree,cat__tls_curve_unknown,6049.848135195905
unseen_cobalt_strike,decision_tree,cat__tls_next_protocol_unknown,5414.4604801908745
unseen_cobalt_strike,decision_tree,num__tls_established_ratio,5309.785565627734
unseen_cobalt_strike,decision_tree,cat__service_http,5021.973662583502
unseen_cobalt_strike,decision_tree,num__mean_iat,4675.588104312886
unseen_cobalt_strike,decision_tree,num__tls_sni_entropy_mean,4267.623696753564
unseen_cobalt_strike,decision_tree,num__median_iat,3947.9372095367094
unseen_cobalt_strike,decision_tree,num__cv_iat,3394.643823534375
unseen_cobalt_strike,decision_tree,num__tls_resumed_ratio,3127.7041731826134
unseen_cobalt_strike,decision_tree,num__mad_iat,2824.513593397241
unseen_cobalt_strike,decision_tree,cat__service_ssl,2732.265733593837
unseen_cobalt_strike,decision_tree,num__std_iat,2433.9297991787184
unseen_cobalt_strike,decision_tree,cat__tls_next_protocol_http/1.1,2400.6103050964634
unseen_cobalt_strike,decision_tree,cat__tls_next_protocol_h2,2396.2516073810775
unseen_cobalt_strike,decision_tree,num__dns_ttl_mean,2097.9782393924415
unseen_cobalt_strike,decision_tree,num__dns_span_minutes,1687.9001128817551
unseen_cobalt_strike,decision_tree,num__dns_query_length_mean,1644.9793354958888
unseen_cobalt_strike,decision_tree,cat__tls_version_TLSv10,1633.9930927051414
unseen_cobalt_strike,decision_tree,num__tls_sni_length_mean,1566.422780429624
unseen_cobalt_strike,decision_tree,num__http_status_code_median,1557.3942014686334
unseen_cobalt_strike,decision_tree,cat__conn_state_REJ,1550.644042650837
unseen_cobalt_strike,decision_tree,cat__tls_cipher_TLS_ECDHE_RSA_WITH_AES_256_GCM_SHA384,1417.7548490040936
unseen_cobalt_strike,decision_tree,cat__tls_cipher_TLS_RSA_WITH_AES_128_CBC_SHA,1373.8799382990019
unseen_cobalt_strike,decision_tree,num__tls_sni_digit_ratio_mean,1363.2954619952702
unseen_cobalt_strike,decision_tree,num__http_user_agent_reuse_mean,1203.3639474150953
unseen_cobalt_strike,decision_tree,num__burstiness,1146.7274491366213
unseen_cobalt_strike,decision_tree,num__dns_answer_count_mean,1079.4952880346991
unseen_cobalt_strike,decision_tree,cat__dns_qtype_A,885.1465198757222
unseen_cobalt_strike,decision_tree,cat__dns_qtype_PTR,832.5229983804953
unseen_cobalt_strike,decision_tree,cat__tls_cipher_TLS_ECDHE_ECDSA_WITH_AES_128_GCM_SHA256,816.7124491755441
unseen_cobalt_strike,decision_tree,cat__proto_udp,802.8352008254493
unseen_cobalt_strike,decision_tree,num__dns_cv_iat,760.6003918410088
unseen_cobalt_strike,decision_tree,num__tls_sni_present_ratio,704.1537519514757
unseen_cobalt_strike,decision_tree,num__dns_label_count_mean,696.474467092305
unseen_cobalt_strike,decision_tree,cat__tls_cipher_TLS_RSA_WITH_AES_256_CBC_SHA,660.4135071621351
unseen_cobalt_strike,decision_tree,cat__conn_state_S0,657.2482864992036
unseen_cobalt_strike,random_forest,num__unique_destinations_window,198756.1070605367
unseen_cobalt_strike,random_forest,num__source_connections_window,96252.42713909243
unseen_cobalt_strike,random_forest,cat__tls_version_TLSv13,38890.83879402946
unseen_cobalt_strike,random_forest,cat__tls_version_TLSv12,28111.288905538157
unseen_cobalt_strike,random_forest,cat__tls_curve_x25519,27147.78674666668
unseen_cobalt_strike,random_forest,num__tls_sni_reuse_count_mean,23209.353346159984
unseen_cobalt_strike,random_forest,cat__tls_cipher_TLS_ECDHE_RSA_WITH_AES_128_GCM_SHA256,14464.306477508611
unseen_cobalt_strike,random_forest,cat__tls_cipher_TLS_AES_256_GCM_SHA384,13286.50377508423
unseen_cobalt_strike,random_forest,cat__tls_curve_secp256r1,13095.70398235369
unseen_cobalt_strike,random_forest,num__active_span_seconds,12109.55940360601
unseen_cobalt_strike,random_forest,num__dns_ttl_std,10865.906569233308
unseen_cobalt_strike,random_forest,num__bytes_per_packet,10825.584155792953
unseen_cobalt_strike,random_forest,num__dns_unique_queries_window,8816.720118676038
unseen_cobalt_strike,random_forest,cat__tls_cipher_TLS_AES_128_GCM_SHA256,6116.738206147253
unseen_cobalt_strike,random_forest,cat__tls_curve_unknown,6049.848135195905
unseen_cobalt_strike,random_forest,cat__tls_next_protocol_unknown,5414.4604801908745
unseen_cobalt_strike,random_forest,num__tls_established_ratio,5309.785565627734
unseen_cobalt_strike,random_forest,cat__service_http,5021.973662583502
unseen_cobalt_strike,random_forest,num__mean_iat,4675.588104312886
unseen_cobalt_strike,random_forest,num__tls_sni_entropy_mean,4267.623696753564
unseen_cobalt_strike,random_forest,num__median_iat,3947.9372095367094
unseen_cobalt_strike,random_forest,num__cv_iat,3394.643823534375
unseen_cobalt_strike,random_forest,num__tls_resumed_ratio,3127.7041731826134
unseen_cobalt_strike,random_forest,num__mad_iat,2824.513593397241
unseen_cobalt_strike,random_forest,cat__service_ssl,2732.265733593837
unseen_cobalt_strike,random_forest,num__std_iat,2433.9297991787184
unseen_cobalt_strike,random_forest,cat__tls_next_protocol_http/1.1,2400.6103050964634
unseen_cobalt_strike,random_forest,cat__tls_next_protocol_h2,2396.2516073810775
unseen_cobalt_strike,random_forest,num__dns_ttl_mean,2097.9782393924415
unseen_cobalt_strike,random_forest,num__dns_span_minutes,1687.9001128817551
unseen_cobalt_strike,random_forest,num__dns_query_length_mean,1644.9793354958888
unseen_cobalt_strike,random_forest,cat__tls_version_TLSv10,1633.9930927051414
unseen_cobalt_strike,random_forest,num__tls_sni_length_mean,1566.422780429624
unseen_cobalt_strike,random_forest,num__http_status_code_median,1557.3942014686334
unseen_cobalt_strike,random_forest,cat__conn_state_REJ,1550.644042650837
unseen_cobalt_strike,random_forest,cat__tls_cipher_TLS_ECDHE_RSA_WITH_AES_256_GCM_SHA384,1417.7548490040936
unseen_cobalt_strike,random_forest,cat__tls_cipher_TLS_RSA_WITH_AES_128_CBC_SHA,1373.8799382990019
unseen_cobalt_strike,random_forest,num__tls_sni_digit_ratio_mean,1363.2954619952702
unseen_cobalt_strike,random_forest,num__http_user_agent_reuse_mean,1203.3639474150953
unseen_cobalt_strike,random_forest,num__burstiness,1146.7274491366213
unseen_cobalt_strike,random_forest,num__dns_answer_count_mean,1079.4952880346991
unseen_cobalt_strike,random_forest,cat__dns_qtype_A,885.1465198757222
unseen_cobalt_strike,random_forest,cat__dns_qtype_PTR,832.5229983804953
unseen_cobalt_strike,random_forest,cat__tls_cipher_TLS_ECDHE_ECDSA_WITH_AES_128_GCM_SHA256,816.7124491755441
unseen_cobalt_strike,random_forest,cat__proto_udp,802.8352008254493
unseen_cobalt_strike,random_forest,num__dns_cv_iat,760.6003918410088
unseen_cobalt_strike,random_forest,num__tls_sni_present_ratio,704.1537519514757
unseen_cobalt_strike,random_forest,num__dns_label_count_mean,696.474467092305
unseen_cobalt_strike,random_forest,cat__tls_cipher_TLS_RSA_WITH_AES_256_CBC_SHA,660.4135071621351
unseen_cobalt_strike,random_forest,cat__conn_state_S0,657.2482864992036
unseen_havoc,logistic_regression,num__unique_destinations_window,206377.77291223357
unseen_havoc,logistic_regression,num__source_connections_window,127295.49886400088
unseen_havoc,logistic_regression,cat__tls_version_TLSv13,41197.85094522245
unseen_havoc,logistic_regression,cat__tls_version_TLSv12,29411.240194082315
unseen_havoc,logistic_regression,cat__tls_curve_x25519,29345.899514686116
unseen_havoc,logistic_regression,num__tls_sni_reuse_count_mean,22413.15130649343
unseen_havoc,logistic_regression,cat__tls_cipher_TLS_ECDHE_RSA_WITH_AES_128_GCM_SHA256,14767.857695502917
unseen_havoc,logistic_regression,cat__tls_cipher_TLS_AES_256_GCM_SHA384,14424.157226310024
unseen_havoc,logistic_regression,cat__tls_curve_secp256r1,13275.391250323628
unseen_havoc,logistic_regression,num__dns_ttl_std,11049.981991336166
unseen_havoc,logistic_regression,num__active_span_seconds,11015.231286273485
unseen_havoc,logistic_regression,num__bytes_per_packet,10173.069345807191
unseen_havoc,logistic_regression,num__dns_unique_queries_window,9140.650711448916
unseen_havoc,logistic_regression,cat__tls_curve_unknown,7084.423795647524
unseen_havoc,logistic_regression,num__duration_median,5979.678139431777
unseen_havoc,logistic_regression,num__duration_mean,5933.838322363279
unseen_havoc,logistic_regression,cat__tls_cipher_TLS_AES_128_GCM_SHA256,5851.614410961962
unseen_havoc,logistic_regression,num__tls_established_ratio,5584.028412450391
unseen_havoc,logistic_regression,cat__tls_next_protocol_unknown,5497.060939575982
unseen_havoc,logistic_regression,cat__service_http,5113.608716419093
unseen_havoc,logistic_regression,num__cv_iat,4822.302527637475
unseen_havoc,logistic_regression,num__tls_sni_entropy_mean,4438.969407580728
unseen_havoc,logistic_regression,num__mean_iat,4242.655963611373
unseen_havoc,logistic_regression,num__median_iat,3641.537245324011
unseen_havoc,logistic_regression,num__tls_resumed_ratio,3083.5932604666878
unseen_havoc,logistic_regression,num__duration_std,2733.4571783743786
unseen_havoc,logistic_regression,num__mad_iat,2675.5198692646395
unseen_havoc,logistic_regression,cat__conn_state_REJ,2493.427358796498
unseen_havoc,logistic_regression,cat__tls_next_protocol_http/1.1,2445.8621122169584
unseen_havoc,logistic_regression,cat__tls_next_protocol_h2,2426.963604680092
unseen_havoc,logistic_regression,num__std_iat,2136.0494128480614
unseen_havoc,logistic_regression,num__dns_ttl_mean,2099.4679937407873
unseen_havoc,logistic_regression,cat__service_ssl,1994.362366255202
unseen_havoc,logistic_regression,cat__tls_version_TLSv10,1808.5498610701677
unseen_havoc,logistic_regression,num__tls_sni_digit_ratio_mean,1798.039598874499
unseen_havoc,logistic_regression,num__tls_sni_length_mean,1727.1977925433987
unseen_havoc,logistic_regression,num__http_status_code_median,1567.3372473978518
unseen_havoc,logistic_regression,num__dns_query_length_mean,1504.6277100565333
unseen_havoc,logistic_regression,cat__tls_cipher_TLS_RSA_WITH_AES_128_CBC_SHA,1408.7299809521026
unseen_havoc,logistic_regression,num__dns_query_digit_ratio_mean,1301.4773027380459
unseen_havoc,logistic_regression,num__http_user_agent_reuse_mean,1245.2490386648922
unseen_havoc,logistic_regression,num__dns_answer_count_mean,1230.9989696279279
unseen_havoc,logistic_regression,cat__tls_cipher_TLS_ECDHE_RSA_WITH_AES_256_GCM_SHA384,1225.6212718866154
unseen_havoc,logistic_regression,num__burstiness,1095.0551110738566
unseen_havoc,logistic_regression,cat__dns_qtype_A,893.3291170732907
unseen_havoc,logistic_regression,cat__dns_qtype_PTR,855.5874416467409
unseen_havoc,logistic_regression,num__dns_cv_iat,844.1961936630405
unseen_havoc,logistic_regression,cat__proto_udp,841.2463498588761
unseen_havoc,logistic_regression,cat__tls_cipher_TLS_RSA_WITH_AES_256_CBC_SHA,822.8250475231674
unseen_havoc,logistic_regression,cat__tls_cipher_TLS_ECDHE_ECDSA_WITH_AES_128_GCM_SHA256,793.6607567922716
unseen_havoc,decision_tree,num__unique_destinations_window,206377.77291223357
unseen_havoc,decision_tree,num__source_connections_window,127295.49886400088
unseen_havoc,decision_tree,cat__tls_version_TLSv13,41197.85094522245
unseen_havoc,decision_tree,cat__tls_version_TLSv12,29411.240194082315
unseen_havoc,decision_tree,cat__tls_curve_x25519,29345.899514686116
unseen_havoc,decision_tree,num__tls_sni_reuse_count_mean,22413.15130649343
unseen_havoc,decision_tree,cat__tls_cipher_TLS_ECDHE_RSA_WITH_AES_128_GCM_SHA256,14767.857695502917
unseen_havoc,decision_tree,cat__tls_cipher_TLS_AES_256_GCM_SHA384,14424.157226310024
unseen_havoc,decision_tree,cat__tls_curve_secp256r1,13275.391250323628
unseen_havoc,decision_tree,num__dns_ttl_std,11049.981991336166
unseen_havoc,decision_tree,num__active_span_seconds,11015.231286273485
unseen_havoc,decision_tree,num__bytes_per_packet,10173.069345807191
unseen_havoc,decision_tree,num__dns_unique_queries_window,9140.650711448916
unseen_havoc,decision_tree,cat__tls_curve_unknown,7084.423795647524
unseen_havoc,decision_tree,num__duration_median,5979.678139431777
unseen_havoc,decision_tree,num__duration_mean,5933.838322363279
unseen_havoc,decision_tree,cat__tls_cipher_TLS_AES_128_GCM_SHA256,5851.614410961962
unseen_havoc,decision_tree,num__tls_established_ratio,5584.028412450391
unseen_havoc,decision_tree,cat__tls_next_protocol_unknown,5497.060939575982
unseen_havoc,decision_tree,cat__service_http,5113.608716419093
unseen_havoc,decision_tree,num__cv_iat,4822.302527637475
unseen_havoc,decision_tree,num__tls_sni_entropy_mean,4438.969407580728
unseen_havoc,decision_tree,num__mean_iat,4242.655963611373
unseen_havoc,decision_tree,num__median_iat,3641.537245324011
unseen_havoc,decision_tree,num__tls_resumed_ratio,3083.5932604666878
unseen_havoc,decision_tree,num__duration_std,2733.4571783743786
unseen_havoc,decision_tree,num__mad_iat,2675.5198692646395
unseen_havoc,decision_tree,cat__conn_state_REJ,2493.427358796498
unseen_havoc,decision_tree,cat__tls_next_protocol_http/1.1,2445.8621122169584
unseen_havoc,decision_tree,cat__tls_next_protocol_h2,2426.963604680092
unseen_havoc,decision_tree,num__std_iat,2136.0494128480614
unseen_havoc,decision_tree,num__dns_ttl_mean,2099.4679937407873
unseen_havoc,decision_tree,cat__service_ssl,1994.362366255202
unseen_havoc,decision_tree,cat__tls_version_TLSv10,1808.5498610701677
unseen_havoc,decision_tree,num__tls_sni_digit_ratio_mean,1798.039598874499
unseen_havoc,decision_tree,num__tls_sni_length_mean,1727.1977925433987
unseen_havoc,decision_tree,num__http_status_code_median,1567.3372473978518
unseen_havoc,decision_tree,num__dns_query_length_mean,1504.6277100565333
unseen_havoc,decision_tree,cat__tls_cipher_TLS_RSA_WITH_AES_128_CBC_SHA,1408.7299809521026
unseen_havoc,decision_tree,num__dns_query_digit_ratio_mean,1301.4773027380459
unseen_havoc,decision_tree,num__http_user_agent_reuse_mean,1245.2490386648922
unseen_havoc,decision_tree,num__dns_answer_count_mean,1230.9989696279279
unseen_havoc,decision_tree,cat__tls_cipher_TLS_ECDHE_RSA_WITH_AES_256_GCM_SHA384,1225.6212718866154
unseen_havoc,decision_tree,num__burstiness,1095.0551110738566
unseen_havoc,decision_tree,cat__dns_qtype_A,893.3291170732907
unseen_havoc,decision_tree,cat__dns_qtype_PTR,855.5874416467409
unseen_havoc,decision_tree,num__dns_cv_iat,844.1961936630405
unseen_havoc,decision_tree,cat__proto_udp,841.2463498588761
unseen_havoc,decision_tree,cat__tls_cipher_TLS_RSA_WITH_AES_256_CBC_SHA,822.8250475231674
unseen_havoc,decision_tree,cat__tls_cipher_TLS_ECDHE_ECDSA_WITH_AES_128_GCM_SHA256,793.6607567922716
unseen_havoc,random_forest,num__unique_destinations_window,206377.77291223357
unseen_havoc,random_forest,num__source_connections_window,127295.49886400088
unseen_havoc,random_forest,cat__tls_version_TLSv13,41197.85094522245
unseen_havoc,random_forest,cat__tls_version_TLSv12,29411.240194082315
unseen_havoc,random_forest,cat__tls_curve_x25519,29345.899514686116
unseen_havoc,random_forest,num__tls_sni_reuse_count_mean,22413.15130649343
unseen_havoc,random_forest,cat__tls_cipher_TLS_ECDHE_RSA_WITH_AES_128_GCM_SHA256,14767.857695502917
unseen_havoc,random_forest,cat__tls_cipher_TLS_AES_256_GCM_SHA384,14424.157226310024
unseen_havoc,random_forest,cat__tls_curve_secp256r1,13275.391250323628
unseen_havoc,random_forest,num__dns_ttl_std,11049.981991336166
unseen_havoc,random_forest,num__active_span_seconds,11015.231286273485
unseen_havoc,random_forest,num__bytes_per_packet,10173.069345807191
unseen_havoc,random_forest,num__dns_unique_queries_window,9140.650711448916
unseen_havoc,random_forest,cat__tls_curve_unknown,7084.423795647524
unseen_havoc,random_forest,num__duration_median,5979.678139431777
unseen_havoc,random_forest,num__duration_mean,5933.838322363279
unseen_havoc,random_forest,cat__tls_cipher_TLS_AES_128_GCM_SHA256,5851.614410961962
unseen_havoc,random_forest,num__tls_established_ratio,5584.028412450391
unseen_havoc,random_forest,cat__tls_next_protocol_unknown,5497.060939575982
unseen_havoc,random_forest,cat__service_http,5113.608716419093
unseen_havoc,random_forest,num__cv_iat,4822.302527637475
unseen_havoc,random_forest,num__tls_sni_entropy_mean,4438.969407580728
unseen_havoc,random_forest,num__mean_iat,4242.655963611373
unseen_havoc,random_forest,num__median_iat,3641.537245324011
unseen_havoc,random_forest,num__tls_resumed_ratio,3083.5932604666878
unseen_havoc,random_forest,num__duration_std,2733.4571783743786
unseen_havoc,random_forest,num__mad_iat,2675.5198692646395
unseen_havoc,random_forest,cat__conn_state_REJ,2493.427358796498
unseen_havoc,random_forest,cat__tls_next_protocol_http/1.1,2445.8621122169584
unseen_havoc,random_forest,cat__tls_next_protocol_h2,2426.963604680092
unseen_havoc,random_forest,num__std_iat,2136.0494128480614
unseen_havoc,random_forest,num__dns_ttl_mean,2099.4679937407873
unseen_havoc,random_forest,cat__service_ssl,1994.362366255202
unseen_havoc,random_forest,cat__tls_version_TLSv10,1808.5498610701677
unseen_havoc,random_forest,num__tls_sni_digit_ratio_mean,1798.039598874499
unseen_havoc,random_forest,num__tls_sni_length_mean,1727.1977925433987
unseen_havoc,random_forest,num__http_status_code_median,1567.3372473978518
unseen_havoc,random_forest,num__dns_query_length_mean,1504.6277100565333
unseen_havoc,random_forest,cat__tls_cipher_TLS_RSA_WITH_AES_128_CBC_SHA,1408.7299809521026
unseen_havoc,random_forest,num__dns_query_digit_ratio_mean,1301.4773027380459
unseen_havoc,random_forest,num__http_user_agent_reuse_mean,1245.2490386648922
unseen_havoc,random_forest,num__dns_answer_count_mean,1230.9989696279279
unseen_havoc,random_forest,cat__tls_cipher_TLS_ECDHE_RSA_WITH_AES_256_GCM_SHA384,1225.6212718866154
unseen_havoc,random_forest,num__burstiness,1095.0551110738566
unseen_havoc,random_forest,cat__dns_qtype_A,893.3291170732907
unseen_havoc,random_forest,cat__dns_qtype_PTR,855.5874416467409
unseen_havoc,random_forest,num__dns_cv_iat,844.1961936630405
unseen_havoc,random_forest,cat__proto_udp,841.2463498588761
unseen_havoc,random_forest,cat__tls_cipher_TLS_RSA_WITH_AES_256_CBC_SHA,822.8250475231674
unseen_havoc,random_forest,cat__tls_cipher_TLS_ECDHE_ECDSA_WITH_AES_128_GCM_SHA256,793.6607567922716
unseen_mythic,logistic_regression,num__unique_destinations_window,206703.5525371717
unseen_mythic,logistic_regression,num__source_connections_window,99014.75820546586
unseen_mythic,logistic_regression,cat__tls_version_TLSv13,36676.90256280374
unseen_mythic,logistic_regression,cat__tls_version_TLSv12,26429.829844560543
unseen_mythic,logistic_regression,cat__tls_curve_x25519,26068.652511642675
unseen_mythic,logistic_regression,num__tls_sni_reuse_count_mean,21349.431865115406
unseen_mythic,logistic_regression,cat__tls_cipher_TLS_ECDHE_RSA_WITH_AES_128_GCM_SHA256,14797.655773650386
unseen_mythic,logistic_regression,cat__tls_curve_secp256r1,13250.041446069563
unseen_mythic,logistic_regression,cat__tls_cipher_TLS_AES_256_GCM_SHA384,12944.349928926897
unseen_mythic,logistic_regression,num__dns_ttl_std,11890.724481945872
unseen_mythic,logistic_regression,num__active_span_seconds,10360.37349561576
unseen_mythic,logistic_regression,num__bytes_per_packet,9861.7297902579
unseen_mythic,logistic_regression,num__dns_unique_queries_window,9730.106155377485
unseen_mythic,logistic_regression,cat__service_http,6666.428844657564
unseen_mythic,logistic_regression,cat__tls_curve_unknown,6280.319551190266
unseen_mythic,logistic_regression,cat__tls_cipher_TLS_AES_128_GCM_SHA256,5870.813624780263
unseen_mythic,logistic_regression,num__tls_established_ratio,5516.392232640238
unseen_mythic,logistic_regression,cat__tls_next_protocol_unknown,5081.5346455954395
unseen_mythic,logistic_regression,num__mean_iat,4143.807399663428
unseen_mythic,logistic_regression,num__cv_iat,4114.9629682567065
unseen_mythic,logistic_regression,num__tls_sni_entropy_mean,4111.058094309178
unseen_mythic,logistic_regression,num__median_iat,3653.160009941081
unseen_mythic,logistic_regression,num__tls_resumed_ratio,2867.7969248175227
unseen_mythic,logistic_regression,num__mad_iat,2639.5305038300253
unseen_mythic,logistic_regression,cat__conn_state_REJ,2598.72936803639
unseen_mythic,logistic_regression,num__dns_ttl_mean,2563.2279455800344
unseen_mythic,logistic_regression,cat__tls_next_protocol_http/1.1,2456.1308827515145
unseen_mythic,logistic_regression,cat__service_ssl,2377.4726425378103
unseen_mythic,logistic_regression,num__dns_query_digit_ratio_mean,2292.2484217655797
unseen_mythic,logistic_regression,cat__tls_next_protocol_h2,2092.883986563596
unseen_mythic,logistic_regression,num__std_iat,2032.340822076827
unseen_mythic,logistic_regression,num__dns_query_length_mean,1787.6649328675476
unseen_mythic,logistic_regression,cat__tls_version_TLSv10,1703.3252620607884
unseen_mythic,logistic_regression,num__http_status_code_median,1511.4345485491187
unseen_mythic,logistic_regression,cat__tls_cipher_TLS_RSA_WITH_AES_128_CBC_SHA,1429.190728224067
unseen_mythic,logistic_regression,num__tls_sni_length_mean,1398.7941212424155
unseen_mythic,logistic_regression,num__tls_sni_digit_ratio_mean,1342.4066483107747
unseen_mythic,logistic_regression,num__dns_answer_count_mean,1248.8228005925184
unseen_mythic,logistic_regression,num__burstiness,1050.764419512739
unseen_mythic,logistic_regression,num__dns_cv_iat,1019.5921715808265
unseen_mythic,logistic_regression,cat__dns_qtype_A,962.919716651902
unseen_mythic,logistic_regression,cat__dns_qtype_PTR,924.9251381011728
unseen_mythic,logistic_regression,cat__tls_cipher_TLS_ECDHE_RSA_WITH_AES_256_GCM_SHA384,918.2010392048528
unseen_mythic,logistic_regression,num__dns_span_minutes,827.9256178269819
unseen_mythic,logistic_regression,cat__tls_cipher_TLS_ECDHE_ECDSA_WITH_AES_128_GCM_SHA256,805.6239473147984
unseen_mythic,logistic_regression,cat__proto_udp,728.4946649841679
unseen_mythic,logistic_regression,num__tls_sni_present_ratio,728.474457015402
unseen_mythic,logistic_regression,num__dns_max_label_length_mean,715.6491878798752
unseen_mythic,logistic_regression,num__http_get_ratio,691.3500069454905
unseen_mythic,logistic_regression,cat__tls_cipher_TLS_RSA_WITH_AES_256_CBC_SHA,690.8272705519756
unseen_mythic,decision_tree,num__unique_destinations_window,206703.5525371717
unseen_mythic,decision_tree,num__source_connections_window,99014.75820546586
unseen_mythic,decision_tree,cat__tls_version_TLSv13,36676.90256280374
unseen_mythic,decision_tree,cat__tls_version_TLSv12,26429.829844560543
unseen_mythic,decision_tree,cat__tls_curve_x25519,26068.652511642675
unseen_mythic,decision_tree,num__tls_sni_reuse_count_mean,21349.431865115406
unseen_mythic,decision_tree,cat__tls_cipher_TLS_ECDHE_RSA_WITH_AES_128_GCM_SHA256,14797.655773650386
unseen_mythic,decision_tree,cat__tls_curve_secp256r1,13250.041446069563
unseen_mythic,decision_tree,cat__tls_cipher_TLS_AES_256_GCM_SHA384,12944.349928926897
unseen_mythic,decision_tree,num__dns_ttl_std,11890.724481945872
unseen_mythic,decision_tree,num__active_span_seconds,10360.37349561576
unseen_mythic,decision_tree,num__bytes_per_packet,9861.7297902579
unseen_mythic,decision_tree,num__dns_unique_queries_window,9730.106155377485
unseen_mythic,decision_tree,cat__service_http,6666.428844657564
unseen_mythic,decision_tree,cat__tls_curve_unknown,6280.319551190266
unseen_mythic,decision_tree,cat__tls_cipher_TLS_AES_128_GCM_SHA256,5870.813624780263
unseen_mythic,decision_tree,num__tls_established_ratio,5516.392232640238
unseen_mythic,decision_tree,cat__tls_next_protocol_unknown,5081.5346455954395
unseen_mythic,decision_tree,num__mean_iat,4143.807399663428
unseen_mythic,decision_tree,num__cv_iat,4114.9629682567065
unseen_mythic,decision_tree,num__tls_sni_entropy_mean,4111.058094309178
unseen_mythic,decision_tree,num__median_iat,3653.160009941081
unseen_mythic,decision_tree,num__tls_resumed_ratio,2867.7969248175227
unseen_mythic,decision_tree,num__mad_iat,2639.5305038300253
unseen_mythic,decision_tree,cat__conn_state_REJ,2598.72936803639
unseen_mythic,decision_tree,num__dns_ttl_mean,2563.2279455800344
unseen_mythic,decision_tree,cat__tls_next_protocol_http/1.1,2456.1308827515145
unseen_mythic,decision_tree,cat__service_ssl,2377.4726425378103
unseen_mythic,decision_tree,num__dns_query_digit_ratio_mean,2292.2484217655797
unseen_mythic,decision_tree,cat__tls_next_protocol_h2,2092.883986563596
unseen_mythic,decision_tree,num__std_iat,2032.340822076827
unseen_mythic,decision_tree,num__dns_query_length_mean,1787.6649328675476
unseen_mythic,decision_tree,cat__tls_version_TLSv10,1703.3252620607884
unseen_mythic,decision_tree,num__http_status_code_median,1511.4345485491187
unseen_mythic,decision_tree,cat__tls_cipher_TLS_RSA_WITH_AES_128_CBC_SHA,1429.190728224067
unseen_mythic,decision_tree,num__tls_sni_length_mean,1398.7941212424155
unseen_mythic,decision_tree,num__tls_sni_digit_ratio_mean,1342.4066483107747
unseen_mythic,decision_tree,num__dns_answer_count_mean,1248.8228005925184
unseen_mythic,decision_tree,num__burstiness,1050.764419512739
unseen_mythic,decision_tree,num__dns_cv_iat,1019.5921715808265
unseen_mythic,decision_tree,cat__dns_qtype_A,962.919716651902
unseen_mythic,decision_tree,cat__dns_qtype_PTR,924.9251381011728
unseen_mythic,decision_tree,cat__tls_cipher_TLS_ECDHE_RSA_WITH_AES_256_GCM_SHA384,918.2010392048528
unseen_mythic,decision_tree,num__dns_span_minutes,827.9256178269819
unseen_mythic,decision_tree,cat__tls_cipher_TLS_ECDHE_ECDSA_WITH_AES_128_GCM_SHA256,805.6239473147984
unseen_mythic,decision_tree,cat__proto_udp,728.4946649841679
unseen_mythic,decision_tree,num__tls_sni_present_ratio,728.474457015402
unseen_mythic,decision_tree,num__dns_max_label_length_mean,715.6491878798752
unseen_mythic,decision_tree,num__http_get_ratio,691.3500069454905
unseen_mythic,decision_tree,cat__tls_cipher_TLS_RSA_WITH_AES_256_CBC_SHA,690.8272705519756
unseen_mythic,random_forest,num__unique_destinations_window,206703.5525371717
unseen_mythic,random_forest,num__source_connections_window,99014.75820546586
unseen_mythic,random_forest,cat__tls_version_TLSv13,36676.90256280374
unseen_mythic,random_forest,cat__tls_version_TLSv12,26429.829844560543
unseen_mythic,random_forest,cat__tls_curve_x25519,26068.652511642675
unseen_mythic,random_forest,num__tls_sni_reuse_count_mean,21349.431865115406
unseen_mythic,random_forest,cat__tls_cipher_TLS_ECDHE_RSA_WITH_AES_128_GCM_SHA256,14797.655773650386
unseen_mythic,random_forest,cat__tls_curve_secp256r1,13250.041446069563
unseen_mythic,random_forest,cat__tls_cipher_TLS_AES_256_GCM_SHA384,12944.349928926897
unseen_mythic,random_forest,num__dns_ttl_std,11890.724481945872
unseen_mythic,random_forest,num__active_span_seconds,10360.37349561576
unseen_mythic,random_forest,num__bytes_per_packet,9861.7297902579
unseen_mythic,random_forest,num__dns_unique_queries_window,9730.106155377485
unseen_mythic,random_forest,cat__service_http,6666.428844657564
unseen_mythic,random_forest,cat__tls_curve_unknown,6280.319551190266
unseen_mythic,random_forest,cat__tls_cipher_TLS_AES_128_GCM_SHA256,5870.813624780263
unseen_mythic,random_forest,num__tls_established_ratio,5516.392232640238
unseen_mythic,random_forest,cat__tls_next_protocol_unknown,5081.5346455954395
unseen_mythic,random_forest,num__mean_iat,4143.807399663428
unseen_mythic,random_forest,num__cv_iat,4114.9629682567065
unseen_mythic,random_forest,num__tls_sni_entropy_mean,4111.058094309178
unseen_mythic,random_forest,num__median_iat,3653.160009941081
unseen_mythic,random_forest,num__tls_resumed_ratio,2867.7969248175227
unseen_mythic,random_forest,num__mad_iat,2639.5305038300253
unseen_mythic,random_forest,cat__conn_state_REJ,2598.72936803639
unseen_mythic,random_forest,num__dns_ttl_mean,2563.2279455800344
unseen_mythic,random_forest,cat__tls_next_protocol_http/1.1,2456.1308827515145
unseen_mythic,random_forest,cat__service_ssl,2377.4726425378103
unseen_mythic,random_forest,num__dns_query_digit_ratio_mean,2292.2484217655797
unseen_mythic,random_forest,cat__tls_next_protocol_h2,2092.883986563596
unseen_mythic,random_forest,num__std_iat,2032.340822076827
unseen_mythic,random_forest,num__dns_query_length_mean,1787.6649328675476
unseen_mythic,random_forest,cat__tls_version_TLSv10,1703.3252620607884
unseen_mythic,random_forest,num__http_status_code_median,1511.4345485491187
unseen_mythic,random_forest,cat__tls_cipher_TLS_RSA_WITH_AES_128_CBC_SHA,1429.190728224067
unseen_mythic,random_forest,num__tls_sni_length_mean,1398.7941212424155
unseen_mythic,random_forest,num__tls_sni_digit_ratio_mean,1342.4066483107747
unseen_mythic,random_forest,num__dns_answer_count_mean,1248.8228005925184
unseen_mythic,random_forest,num__burstiness,1050.764419512739
unseen_mythic,random_forest,num__dns_cv_iat,1019.5921715808265
unseen_mythic,random_forest,cat__dns_qtype_A,962.919716651902
unseen_mythic,random_forest,cat__dns_qtype_PTR,924.9251381011728
unseen_mythic,random_forest,cat__tls_cipher_TLS_ECDHE_RSA_WITH_AES_256_GCM_SHA384,918.2010392048528
unseen_mythic,random_forest,num__dns_span_minutes,827.9256178269819
unseen_mythic,random_forest,cat__tls_cipher_TLS_ECDHE_ECDSA_WITH_AES_128_GCM_SHA256,805.6239473147984
unseen_mythic,random_forest,cat__proto_udp,728.4946649841679
unseen_mythic,random_forest,num__tls_sni_present_ratio,728.474457015402
unseen_mythic,random_forest,num__dns_max_label_length_mean,715.6491878798752
unseen_mythic,random_forest,num__http_get_ratio,691.3500069454905
unseen_mythic,random_forest,cat__tls_cipher_TLS_RSA_WITH_AES_256_CBC_SHA,690.8272705519756
unseen_sliver,logistic_regression,num__unique_destinations_window,46766.75266134051
unseen_sliver,logistic_regression,cat__conn_state_REJ,32354.812745704443
unseen_sliver,logistic_regression,num__source_connections_window,17640.29860231539
unseen_sliver,logistic_regression,cat__service_unknown,17089.62625820553
unseen_sliver,logistic_regression,cat__conn_state_SF,12206.71983669189
unseen_sliver,logistic_regression,num__dns_ttl_std,4731.513900721708
unseen_sliver,logistic_regression,cat__service_ssl,4599.8586487658895
unseen_sliver,logistic_regression,num__dns_unique_queries_window,3599.34020966785
unseen_sliver,logistic_regression,num__cv_iat,2917.498603647401
unseen_sliver,logistic_regression,cat__tls_curve_secp384r1,1801.4760769350526
unseen_sliver,logistic_regression,num__dns_ttl_mean,1698.2212625033549
unseen_sliver,logistic_regression,num__http_request_body_fraction,1608.8751846086745
unseen_sliver,logistic_regression,num__dns_queries_window,1460.2820567957754
unseen_sliver,logistic_regression,num__tls_sni_present_ratio,1262.906776617257
unseen_sliver,logistic_regression,num__dns_queries_per_minute,1255.6376096434276
unseen_sliver,logistic_regression,num__tls_established_ratio,1176.3081599464588
unseen_sliver,logistic_regression,cat__tls_version_TLSv13,1040.5432069566873
unseen_sliver,logistic_regression,cat__tls_curve_unknown,1007.7919651373313
unseen_sliver,logistic_regression,num__active_span_seconds,912.8203868328384
unseen_sliver,logistic_regression,num__dns_max_label_length_mean,897.551890822327
unseen_sliver,logistic_regression,num__http_user_agent_reuse_mean,819.8757046359415
unseen_sliver,logistic_regression,num__dns_query_length_mean,760.3958220549376
unseen_sliver,logistic_regression,num__dns_cv_iat,742.2953153098738
unseen_sliver,logistic_regression,num__dns_query_digit_ratio_mean,698.0501330959629
unseen_sliver,logistic_regression,cat__tls_next_protocol_unknown,680.8394452872833
unseen_sliver,logistic_regression,cat__tls_cipher_TLS_AES_256_GCM_SHA384,615.8431890493501
unseen_sliver,logistic_regression,cat__http_method_POST,556.8259592129442
unseen_sliver,logistic_regression,cat__http_method_GET,543.2210505796052
unseen_sliver,logistic_regression,num__http_post_ratio,539.9617094940834
unseen_sliver,logistic_regression,num__dns_answer_count_mean,536.6176333152555
unseen_sliver,logistic_regression,cat__tls_next_protocol_http/1.1,522.7372761563419
unseen_sliver,logistic_regression,num__bytes_per_packet,518.8536913845338
unseen_sliver,logistic_regression,cat__tls_cipher_TLS_RSA_WITH_AES_128_GCM_SHA256,510.9161956102955
unseen_sliver,logistic_regression,num__http_get_ratio,495.3953298626386
unseen_sliver,logistic_regression,num__dns_nxdomain_ratio,432.42522307941323
unseen_sliver,logistic_regression,num__http_request_body_len_mean,426.7234043838488
unseen_sliver,logistic_regression,cat__tls_cipher_TLS_AES_128_GCM_SHA256,421.1965975127228
unseen_sliver,logistic_regression,cat__service_http,403.81591388076583
unseen_sliver,logistic_regression,"cat__service_quic,ssl",398.7349466585769
unseen_sliver,logistic_regression,num__tls_sni_reuse_count_mean,389.7477199418808
unseen_sliver,logistic_regression,num__tls_resumed_ratio,384.32140092252394
unseen_sliver,logistic_regression,num__http_user_agent_length_mean,382.85717130067565
unseen_sliver,logistic_regression,num__dns_span_minutes,379.34891097046284
unseen_sliver,logistic_regression,num__dns_std_iat,326.8087692854528
unseen_sliver,logistic_regression,cat__tls_cipher_TLS_RSA_WITH_AES_128_CBC_SHA,324.3839571082825
unseen_sliver,logistic_regression,cat__tls_version_TLSv10,321.41580355283304
unseen_sliver,logistic_regression,cat__tls_curve_secp256r1,313.92846444025815
unseen_sliver,logistic_regression,num__http_host_length_mean,287.5484300769226
unseen_sliver,logistic_regression,num__dns_mean_iat,279.34156264286946
unseen_sliver,logistic_regression,num__dst_port,273.43091822474656
unseen_sliver,decision_tree,num__unique_destinations_window,46766.75266134051
unseen_sliver,decision_tree,cat__conn_state_REJ,32354.812745704443
unseen_sliver,decision_tree,num__source_connections_window,17640.29860231539
unseen_sliver,decision_tree,cat__service_unknown,17089.62625820553
unseen_sliver,decision_tree,cat__conn_state_SF,12206.71983669189
unseen_sliver,decision_tree,num__dns_ttl_std,4731.513900721708
unseen_sliver,decision_tree,cat__service_ssl,4599.8586487658895
unseen_sliver,decision_tree,num__dns_unique_queries_window,3599.34020966785
unseen_sliver,decision_tree,num__cv_iat,2917.498603647401
unseen_sliver,decision_tree,cat__tls_curve_secp384r1,1801.4760769350526
unseen_sliver,decision_tree,num__dns_ttl_mean,1698.2212625033549
unseen_sliver,decision_tree,num__http_request_body_fraction,1608.8751846086745
unseen_sliver,decision_tree,num__dns_queries_window,1460.2820567957754
unseen_sliver,decision_tree,num__tls_sni_present_ratio,1262.906776617257
unseen_sliver,decision_tree,num__dns_queries_per_minute,1255.6376096434276
unseen_sliver,decision_tree,num__tls_established_ratio,1176.3081599464588
unseen_sliver,decision_tree,cat__tls_version_TLSv13,1040.5432069566873
unseen_sliver,decision_tree,cat__tls_curve_unknown,1007.7919651373313
unseen_sliver,decision_tree,num__active_span_seconds,912.8203868328384
unseen_sliver,decision_tree,num__dns_max_label_length_mean,897.551890822327
unseen_sliver,decision_tree,num__http_user_agent_reuse_mean,819.8757046359415
unseen_sliver,decision_tree,num__dns_query_length_mean,760.3958220549376
unseen_sliver,decision_tree,num__dns_cv_iat,742.2953153098738
unseen_sliver,decision_tree,num__dns_query_digit_ratio_mean,698.0501330959629
unseen_sliver,decision_tree,cat__tls_next_protocol_unknown,680.8394452872833
unseen_sliver,decision_tree,cat__tls_cipher_TLS_AES_256_GCM_SHA384,615.8431890493501
unseen_sliver,decision_tree,cat__http_method_POST,556.8259592129442
unseen_sliver,decision_tree,cat__http_method_GET,543.2210505796052
unseen_sliver,decision_tree,num__http_post_ratio,539.9617094940834
unseen_sliver,decision_tree,num__dns_answer_count_mean,536.6176333152555
unseen_sliver,decision_tree,cat__tls_next_protocol_http/1.1,522.7372761563419
unseen_sliver,decision_tree,num__bytes_per_packet,518.8536913845338
unseen_sliver,decision_tree,cat__tls_cipher_TLS_RSA_WITH_AES_128_GCM_SHA256,510.9161956102955
unseen_sliver,decision_tree,num__http_get_ratio,495.3953298626386
unseen_sliver,decision_tree,num__dns_nxdomain_ratio,432.42522307941323
unseen_sliver,decision_tree,num__http_request_body_len_mean,426.7234043838488
unseen_sliver,decision_tree,cat__tls_cipher_TLS_AES_128_GCM_SHA256,421.1965975127228
unseen_sliver,decision_tree,cat__service_http,403.81591388076583
unseen_sliver,decision_tree,"cat__service_quic,ssl",398.7349466585769
unseen_sliver,decision_tree,num__tls_sni_reuse_count_mean,389.7477199418808
unseen_sliver,decision_tree,num__tls_resumed_ratio,384.32140092252394
unseen_sliver,decision_tree,num__http_user_agent_length_mean,382.85717130067565
unseen_sliver,decision_tree,num__dns_span_minutes,379.34891097046284
unseen_sliver,decision_tree,num__dns_std_iat,326.8087692854528
unseen_sliver,decision_tree,cat__tls_cipher_TLS_RSA_WITH_AES_128_CBC_SHA,324.3839571082825
unseen_sliver,decision_tree,cat__tls_version_TLSv10,321.41580355283304
unseen_sliver,decision_tree,cat__tls_curve_secp256r1,313.92846444025815
unseen_sliver,decision_tree,num__http_host_length_mean,287.5484300769226
unseen_sliver,decision_tree,num__dns_mean_iat,279.34156264286946
unseen_sliver,decision_tree,num__dst_port,273.43091822474656
unseen_sliver,random_forest,num__unique_destinations_window,46766.75266134051
unseen_sliver,random_forest,cat__conn_state_REJ,32354.812745704443
unseen_sliver,random_forest,num__source_connections_window,17640.29860231539
unseen_sliver,random_forest,cat__service_unknown,17089.62625820553
unseen_sliver,random_forest,cat__conn_state_SF,12206.71983669189
unseen_sliver,random_forest,num__dns_ttl_std,4731.513900721708
unseen_sliver,random_forest,cat__service_ssl,4599.8586487658895
unseen_sliver,random_forest,num__dns_unique_queries_window,3599.34020966785
unseen_sliver,random_forest,num__cv_iat,2917.498603647401
unseen_sliver,random_forest,cat__tls_curve_secp384r1,1801.4760769350526
unseen_sliver,random_forest,num__dns_ttl_mean,1698.2212625033549
unseen_sliver,random_forest,num__http_request_body_fraction,1608.8751846086745
unseen_sliver,random_forest,num__dns_queries_window,1460.2820567957754
unseen_sliver,random_forest,num__tls_sni_present_ratio,1262.906776617257
unseen_sliver,random_forest,num__dns_queries_per_minute,1255.6376096434276
unseen_sliver,random_forest,num__tls_established_ratio,1176.3081599464588
unseen_sliver,random_forest,cat__tls_version_TLSv13,1040.5432069566873
unseen_sliver,random_forest,cat__tls_curve_unknown,1007.7919651373313
unseen_sliver,random_forest,num__active_span_seconds,912.8203868328384
unseen_sliver,random_forest,num__dns_max_label_length_mean,897.551890822327
unseen_sliver,random_forest,num__http_user_agent_reuse_mean,819.8757046359415
unseen_sliver,random_forest,num__dns_query_length_mean,760.3958220549376
unseen_sliver,random_forest,num__dns_cv_iat,742.2953153098738
unseen_sliver,random_forest,num__dns_query_digit_ratio_mean,698.0501330959629
unseen_sliver,random_forest,cat__tls_next_protocol_unknown,680.8394452872833
unseen_sliver,random_forest,cat__tls_cipher_TLS_AES_256_GCM_SHA384,615.8431890493501
unseen_sliver,random_forest,cat__http_method_POST,556.8259592129442
unseen_sliver,random_forest,cat__http_method_GET,543.2210505796052
unseen_sliver,random_forest,num__http_post_ratio,539.9617094940834
unseen_sliver,random_forest,num__dns_answer_count_mean,536.6176333152555
unseen_sliver,random_forest,cat__tls_next_protocol_http/1.1,522.7372761563419
unseen_sliver,random_forest,num__bytes_per_packet,518.8536913845338
unseen_sliver,random_forest,cat__tls_cipher_TLS_RSA_WITH_AES_128_GCM_SHA256,510.9161956102955
unseen_sliver,random_forest,num__http_get_ratio,495.3953298626386
unseen_sliver,random_forest,num__dns_nxdomain_ratio,432.42522307941323
unseen_sliver,random_forest,num__http_request_body_len_mean,426.7234043838488
unseen_sliver,random_forest,cat__tls_cipher_TLS_AES_128_GCM_SHA256,421.1965975127228
unseen_sliver,random_forest,cat__service_http,403.81591388076583
unseen_sliver,random_forest,"cat__service_quic,ssl",398.7349466585769
unseen_sliver,random_forest,num__tls_sni_reuse_count_mean,389.7477199418808
unseen_sliver,random_forest,num__tls_resumed_ratio,384.32140092252394
unseen_sliver,random_forest,num__http_user_agent_length_mean,382.85717130067565
unseen_sliver,random_forest,num__dns_span_minutes,379.34891097046284
unseen_sliver,random_forest,num__dns_std_iat,326.8087692854528
unseen_sliver,random_forest,cat__tls_cipher_TLS_RSA_WITH_AES_128_CBC_SHA,324.3839571082825
unseen_sliver,random_forest,cat__tls_version_TLSv10,321.41580355283304
unseen_sliver,random_forest,cat__tls_curve_secp256r1,313.92846444025815
unseen_sliver,random_forest,num__http_host_length_mean,287.5484300769226
unseen_sliver,random_forest,num__dns_mean_iat,279.34156264286946
unseen_sliver,random_forest,num__dst_port,273.43091822474656
