family,dataset,log_type,path,rows
benign,benign1_smashburger,conn,D:\ResearchPaper\BenignTraffic\zeek_logs\benign1_smashburger\conn.log,11
benign,benign1_smashburger,ssl,D:\ResearchPaper\BenignTraffic\zeek_logs\benign1_smashburger\ssl.log,11
benign,benign2_smashburger,conn,D:\ResearchPaper\BenignTraffic\zeek_logs\benign2_smashburger\conn.log,11
benign,benign2_smashburger,ssl,D:\ResearchPaper\BenignTraffic\zeek_logs\benign2_smashburger\ssl.log,11
benign,benign3_smashburger,conn,D:\ResearchPaper\BenignTraffic\zeek_logs\benign3_smashburger\conn.log,1
benign,benign3_smashburger,ssl,D:\ResearchPaper\BenignTraffic\zeek_logs\benign3_smashburger\ssl.log,1
benign,benign4_smashburger,conn,D:\ResearchPaper\BenignTraffic\zeek_logs\benign4_smashburger\conn.log,8
benign,benign4_smashburger,ssl,D:\ResearchPaper\BenignTraffic\zeek_logs\benign4_smashburger\ssl.log,8
benign,benign5_smashburger,conn,D:\ResearchPaper\BenignTraffic\zeek_logs\benign5_smashburger\conn.log,5
benign,benign5_smashburger,ssl,D:\ResearchPaper\BenignTraffic\zeek_logs\benign5_smashburger\ssl.log,5
benign,benign6_smashburger,conn,D:\ResearchPaper\BenignTraffic\zeek_logs\benign6_smashburger\conn.log,72
benign,benign6_smashburger,ssl,D:\ResearchPaper\BenignTraffic\zeek_logs\benign6_smashburger\ssl.log,72
benign,benign7_smashburger,conn,D:\ResearchPaper\BenignTraffic\zeek_logs\benign7_smashburger\conn.log,71
benign,benign7_smashburger,ssl,D:\ResearchPaper\BenignTraffic\zeek_logs\benign7_smashburger\ssl.log,70
benign,benign8_smashburger,conn,D:\ResearchPaper\BenignTraffic\zeek_logs\benign8_smashburger\conn.log,52
benign,benign8_smashburger,ssl,D:\ResearchPaper\BenignTraffic\zeek_logs\benign8_smashburger\ssl.log,52
benign,benign_2013-12-17_capture1,conn,D:\ResearchPaper\BenignTraffic\zeek_logs\benign_2013-12-17_capture1\conn.log,2810
benign,benign_2013-12-17_capture1,dns,D:\ResearchPaper\BenignTraffic\zeek_logs\benign_2013-12-17_capture1\dns.log,1075
benign,benign_2013-12-17_capture1,http,D:\ResearchPaper\BenignTraffic\zeek_logs\benign_2013-12-17_capture1\http.log,12
benign,benign_2013-12-17_capture1,ssl,D:\ResearchPaper\BenignTraffic\zeek_logs\benign_2013-12-17_capture1\ssl.log,93
benign,benign_2013-12-17_capture1,x509,D:\ResearchPaper\BenignTraffic\zeek_logs\benign_2013-12-17_capture1\x509.log,38
benign,benign_2015-03-24_capture1-only-dns,conn,D:\ResearchPaper\BenignTraffic\zeek_logs\benign_2015-03-24_capture1-only-dns\conn.log,1796
benign,benign_2015-03-24_capture1-only-dns,dns,D:\ResearchPaper\BenignTraffic\zeek_logs\benign_2015-03-24_capture1-only-dns\dns.log,3029
benign,benign_2017-05-01_normal,conn,D:\ResearchPaper\BenignTraffic\zeek_logs\benign_2017-05-01_normal\conn.log,30382
benign,benign_2017-05-01_normal,dns,D:\ResearchPaper\BenignTraffic\zeek_logs\benign_2017-05-01_normal\dns.log,21128
benign,benign_2017-05-01_normal,http,D:\ResearchPaper\BenignTraffic\zeek_logs\benign_2017-05-01_normal\http.log,7119
benign,benign_2017-05-01_normal,ssl,D:\ResearchPaper\BenignTraffic\zeek_logs\benign_2017-05-01_normal\ssl.log,5275
benign,benign_2017-05-01_normal,x509,D:\ResearchPaper\BenignTraffic\zeek_logs\benign_2017-05-01_normal\x509.log,737
benign,benign_CTU-Normal-20-2017-04-30_win-normal,conn,D:\ResearchPaper\BenignTraffic\zeek_logs\benign_CTU-Normal-20-2017-04-30_win-normal\conn.log,18892
benign,benign_CTU-Normal-20-2017-04-30_win-normal,dns,D:\ResearchPaper\BenignTraffic\zeek_logs\benign_CTU-Normal-20-2017-04-30_win-normal\dns.log,15089
benign,benign_CTU-Normal-20-2017-04-30_win-normal,http,D:\ResearchPaper\BenignTraffic\zeek_logs\benign_CTU-Normal-20-2017-04-30_win-normal\http.log,1976
benign,benign_CTU-Normal-20-2017-04-30_win-normal,ssl,D:\ResearchPaper\BenignTraffic\zeek_logs\benign_CTU-Normal-20-2017-04-30_win-normal\ssl.log,2464
benign,benign_CTU-Normal-20-2017-04-30_win-normal,x509,D:\ResearchPaper\BenignTraffic\zeek_logs\benign_CTU-Normal-20-2017-04-30_win-normal\x509.log,363
benign,benign_Monday-WorkingHours,conn,D:\ResearchPaper\BenignTraffic\zeek_logs\benign_Monday-WorkingHours\conn.log,375412
benign,benign_Monday-WorkingHours,dns,D:\ResearchPaper\BenignTraffic\zeek_logs\benign_Monday-WorkingHours\dns.log,440905
benign,benign_Monday-WorkingHours,http,D:\ResearchPaper\BenignTraffic\zeek_logs\benign_Monday-WorkingHours\http.log,54960
benign,benign_Monday-WorkingHours,ssl,D:\ResearchPaper\BenignTraffic\zeek_logs\benign_Monday-WorkingHours\ssl.log,92975
benign,benign_Monday-WorkingHours,x509,D:\ResearchPaper\BenignTraffic\zeek_logs\benign_Monday-WorkingHours\x509.log,2369
benign,benign_amazon_https,conn,D:\ResearchPaper\BenignTraffic\zeek_logs\benign_amazon_https\conn.log,664
benign,benign_amazon_https,ssl,D:\ResearchPaper\BenignTraffic\zeek_logs\benign_amazon_https\ssl.log,600
benign,benign_amazon_https,x509,D:\ResearchPaper\BenignTraffic\zeek_logs\benign_amazon_https\x509.log,7
benign,benign_jquery_http,conn,D:\ResearchPaper\BenignTraffic\zeek_logs\benign_jquery_http\conn.log,42
benign,benign_jquery_http,http,D:\ResearchPaper\BenignTraffic\zeek_logs\benign_jquery_http\http.log,126
cobalt_strike,2022-08-08-IcedID-with-Cobalt-Strike-carved,conn,D:\ResearchPaper\Beacons\CobaltStrike\zeek_logs\2022-08-08-IcedID-with-Cobalt-Strike-carved\conn.log,497
cobalt_strike,2022-08-08-IcedID-with-Cobalt-Strike-carved,dns,D:\ResearchPaper\Beacons\CobaltStrike\zeek_logs\2022-08-08-IcedID-with-Cobalt-Strike-carved\dns.log,28
cobalt_strike,2022-08-08-IcedID-with-Cobalt-Strike-carved,http,D:\ResearchPaper\Beacons\CobaltStrike\zeek_logs\2022-08-08-IcedID-with-Cobalt-Strike-carved\http.log,3
cobalt_strike,2022-08-08-IcedID-with-Cobalt-Strike-carved,ssl,D:\ResearchPaper\Beacons\CobaltStrike\zeek_logs\2022-08-08-IcedID-with-Cobalt-Strike-carved\ssl.log,467
cobalt_strike,2022-08-08-IcedID-with-Cobalt-Strike-carved,x509,D:\ResearchPaper\Beacons\CobaltStrike\zeek_logs\2022-08-08-IcedID-with-Cobalt-Strike-carved\x509.log,3
cobalt_strike,2022-10-06-IcedID-with-Cobalt-Strike-santized-and-carved,conn,D:\ResearchPaper\Beacons\CobaltStrike\zeek_logs\2022-10-06-IcedID-with-Cobalt-Strike-santized-and-carved\conn.log,107
cobalt_strike,2022-10-06-IcedID-with-Cobalt-Strike-santized-and-carved,dns,D:\ResearchPaper\Beacons\CobaltStrike\zeek_logs\2022-10-06-IcedID-with-Cobalt-Strike-santized-and-carved\dns.log,14
cobalt_strike,2022-10-06-IcedID-with-Cobalt-Strike-santized-and-carved,http,D:\ResearchPaper\Beacons\CobaltStrike\zeek_logs\2022-10-06-IcedID-with-Cobalt-Strike-santized-and-carved\http.log,2
cobalt_strike,2022-10-06-IcedID-with-Cobalt-Strike-santized-and-carved,ssl,D:\ResearchPaper\Beacons\CobaltStrike\zeek_logs\2022-10-06-IcedID-with-Cobalt-Strike-santized-and-carved\ssl.log,89
cobalt_strike,2022-10-06-IcedID-with-Cobalt-Strike-santized-and-carved,x509,D:\ResearchPaper\Beacons\CobaltStrike\zeek_logs\2022-10-06-IcedID-with-Cobalt-Strike-santized-and-carved\x509.log,2
cobalt_strike,2022-11-28-BB08-Qakbot-with-Cobakt-Strike-and-VNC-traffic,conn,D:\ResearchPaper\Beacons\CobaltStrike\zeek_logs\2022-11-28-BB08-Qakbot-with-Cobakt-Strike-and-VNC-traffic\conn.log,551
cobalt_strike,2022-11-28-BB08-Qakbot-with-Cobakt-Strike-and-VNC-traffic,dns,D:\ResearchPaper\Beacons\CobaltStrike\zeek_logs\2022-11-28-BB08-Qakbot-with-Cobakt-Strike-and-VNC-traffic\dns.log,208
cobalt_strike,2022-11-28-BB08-Qakbot-with-Cobakt-Strike-and-VNC-traffic,http,D:\ResearchPaper\Beacons\CobaltStrike\zeek_logs\2022-11-28-BB08-Qakbot-with-Cobakt-Strike-and-VNC-traffic\http.log,9
cobalt_strike,2022-11-28-BB08-Qakbot-with-Cobakt-Strike-and-VNC-traffic,ssl,D:\ResearchPaper\Beacons\CobaltStrike\zeek_logs\2022-11-28-BB08-Qakbot-with-Cobakt-Strike-and-VNC-traffic\ssl.log,243
cobalt_strike,2022-11-28-BB08-Qakbot-with-Cobakt-Strike-and-VNC-traffic,x509,D:\ResearchPaper\Beacons\CobaltStrike\zeek_logs\2022-11-28-BB08-Qakbot-with-Cobakt-Strike-and-VNC-traffic\x509.log,104
cobalt_strike,2022-12-07-Bumblebee-infection-with-Cobalt-Strike,conn,D:\ResearchPaper\Beacons\CobaltStrike\zeek_logs\2022-12-07-Bumblebee-infection-with-Cobalt-Strike\conn.log,348
cobalt_strike,2022-12-07-Bumblebee-infection-with-Cobalt-Strike,dns,D:\ResearchPaper\Beacons\CobaltStrike\zeek_logs\2022-12-07-Bumblebee-infection-with-Cobalt-Strike\dns.log,108
cobalt_strike,2022-12-07-Bumblebee-infection-with-Cobalt-Strike,http,D:\ResearchPaper\Beacons\CobaltStrike\zeek_logs\2022-12-07-Bumblebee-infection-with-Cobalt-Strike\http.log,5
cobalt_strike,2022-12-07-Bumblebee-infection-with-Cobalt-Strike,ssl,D:\ResearchPaper\Beacons\CobaltStrike\zeek_logs\2022-12-07-Bumblebee-infection-with-Cobalt-Strike\ssl.log,184
cobalt_strike,2022-12-07-Bumblebee-infection-with-Cobalt-Strike,x509,D:\ResearchPaper\Beacons\CobaltStrike\zeek_logs\2022-12-07-Bumblebee-infection-with-Cobalt-Strike\x509.log,26
cobalt_strike,2022-12-20-IcedID-infection-with-Cobalt-Strike,conn,D:\ResearchPaper\Beacons\CobaltStrike\zeek_logs\2022-12-20-IcedID-infection-with-Cobalt-Strike\conn.log,326
cobalt_strike,2022-12-20-IcedID-infection-with-Cobalt-Strike,dns,D:\ResearchPaper\Beacons\CobaltStrike\zeek_logs\2022-12-20-IcedID-infection-with-Cobalt-Strike\dns.log,107
cobalt_strike,2022-12-20-IcedID-infection-with-Cobalt-Strike,http,D:\ResearchPaper\Beacons\CobaltStrike\zeek_logs\2022-12-20-IcedID-infection-with-Cobalt-Strike\http.log,3
cobalt_strike,2022-12-20-IcedID-infection-with-Cobalt-Strike,ssl,D:\ResearchPaper\Beacons\CobaltStrike\zeek_logs\2022-12-20-IcedID-infection-with-Cobalt-Strike\ssl.log,131
cobalt_strike,2022-12-20-IcedID-infection-with-Cobalt-Strike,x509,D:\ResearchPaper\Beacons\CobaltStrike\zeek_logs\2022-12-20-IcedID-infection-with-Cobalt-Strike\x509.log,12
cobalt_strike,2023-01-12-IcedID-infection-with-Cobalt-Strike,conn,D:\ResearchPaper\Beacons\CobaltStrike\zeek_logs\2023-01-12-IcedID-infection-with-Cobalt-Strike\conn.log,292
cobalt_strike,2023-01-12-IcedID-infection-with-Cobalt-Strike,dns,D:\ResearchPaper\Beacons\CobaltStrike\zeek_logs\2023-01-12-IcedID-infection-with-Cobalt-Strike\dns.log,112
cobalt_strike,2023-01-12-IcedID-infection-with-Cobalt-Strike,http,D:\ResearchPaper\Beacons\CobaltStrike\zeek_logs\2023-01-12-IcedID-infection-with-Cobalt-Strike\http.log,5
cobalt_strike,2023-01-12-IcedID-infection-with-Cobalt-Strike,ssl,D:\ResearchPaper\Beacons\CobaltStrike\zeek_logs\2023-01-12-IcedID-infection-with-Cobalt-Strike\ssl.log,99
cobalt_strike,2023-01-12-IcedID-infection-with-Cobalt-Strike,x509,D:\ResearchPaper\Beacons\CobaltStrike\zeek_logs\2023-01-12-IcedID-infection-with-Cobalt-Strike\x509.log,32
cobalt_strike,2023-01-31-BB12-Qakbot-with-Cobalt-Strike-and-Dark-Cat-VNC-traffic,conn,D:\ResearchPaper\Beacons\CobaltStrike\zeek_logs\2023-01-31-BB12-Qakbot-with-Cobalt-Strike-and-Dark-Cat-VNC-traffic\conn.log,781
cobalt_strike,2023-01-31-BB12-Qakbot-with-Cobalt-Strike-and-Dark-Cat-VNC-traffic,dns,D:\ResearchPaper\Beacons\CobaltStrike\zeek_logs\2023-01-31-BB12-Qakbot-with-Cobalt-Strike-and-Dark-Cat-VNC-traffic\dns.log,307
cobalt_strike,2023-01-31-BB12-Qakbot-with-Cobalt-Strike-and-Dark-Cat-VNC-traffic,http,D:\ResearchPaper\Beacons\CobaltStrike\zeek_logs\2023-01-31-BB12-Qakbot-with-Cobalt-Strike-and-Dark-Cat-VNC-traffic\http.log,5
cobalt_strike,2023-01-31-BB12-Qakbot-with-Cobalt-Strike-and-Dark-Cat-VNC-traffic,ssl,D:\ResearchPaper\Beacons\CobaltStrike\zeek_logs\2023-01-31-BB12-Qakbot-with-Cobalt-Strike-and-Dark-Cat-VNC-traffic\ssl.log,469
cobalt_strike,2023-01-31-BB12-Qakbot-with-Cobalt-Strike-and-Dark-Cat-VNC-traffic,x509,D:\ResearchPaper\Beacons\CobaltStrike\zeek_logs\2023-01-31-BB12-Qakbot-with-Cobalt-Strike-and-Dark-Cat-VNC-traffic\x509.log,39
cobalt_strike,2023-05-10-obama262-Qakbot-with-BlackCat-VNC-and-Cobalt-Strike,conn,D:\ResearchPaper\Beacons\CobaltStrike\zeek_logs\2023-05-10-obama262-Qakbot-with-BlackCat-VNC-and-Cobalt-Strike\conn.log,560
cobalt_strike,2023-05-10-obama262-Qakbot-with-BlackCat-VNC-and-Cobalt-Strike,dns,D:\ResearchPaper\Beacons\CobaltStrike\zeek_logs\2023-05-10-obama262-Qakbot-with-BlackCat-VNC-and-Cobalt-Strike\dns.log,177
cobalt_strike,2023-05-10-obama262-Qakbot-with-BlackCat-VNC-and-Cobalt-Strike,http,D:\ResearchPaper\Beacons\CobaltStrike\zeek_logs\2023-05-10-obama262-Qakbot-with-BlackCat-VNC-and-Cobalt-Strike\http.log,17
cobalt_strike,2023-05-10-obama262-Qakbot-with-BlackCat-VNC-and-Cobalt-Strike,ssl,D:\ResearchPaper\Beacons\CobaltStrike\zeek_logs\2023-05-10-obama262-Qakbot-with-BlackCat-VNC-and-Cobalt-Strike\ssl.log,266
cobalt_strike,2023-05-10-obama262-Qakbot-with-BlackCat-VNC-and-Cobalt-Strike,x509,D:\ResearchPaper\Beacons\CobaltStrike\zeek_logs\2023-05-10-obama262-Qakbot-with-BlackCat-VNC-and-Cobalt-Strike\x509.log,46
cobalt_strike,2023-07-12-Gozi-infection-with-Cobalt-Strike,conn,D:\ResearchPaper\Beacons\CobaltStrike\zeek_logs\2023-07-12-Gozi-infection-with-Cobalt-Strike\conn.log,1119
cobalt_strike,2023-07-12-Gozi-infection-with-Cobalt-Strike,dns,D:\ResearchPaper\Beacons\CobaltStrike\zeek_logs\2023-07-12-Gozi-infection-with-Cobalt-Strike\dns.log,82
cobalt_strike,2023-07-12-Gozi-infection-with-Cobalt-Strike,http,D:\ResearchPaper\Beacons\CobaltStrike\zeek_logs\2023-07-12-Gozi-infection-with-Cobalt-Strike\http.log,95
cobalt_strike,2023-07-12-Gozi-infection-with-Cobalt-Strike,ssl,D:\ResearchPaper\Beacons\CobaltStrike\zeek_logs\2023-07-12-Gozi-infection-with-Cobalt-Strike\ssl.log,847
cobalt_strike,2023-07-12-Gozi-infection-with-Cobalt-Strike,x509,D:\ResearchPaper\Beacons\CobaltStrike\zeek_logs\2023-07-12-Gozi-infection-with-Cobalt-Strike\x509.log,32
cobalt_strike,2023-10-03-Pikabot-infection-with-Cobalt-Strike,conn,D:\ResearchPaper\Beacons\CobaltStrike\zeek_logs\2023-10-03-Pikabot-infection-with-Cobalt-Strike\conn.log,438
cobalt_strike,2023-10-03-Pikabot-infection-with-Cobalt-Strike,dns,D:\ResearchPaper\Beacons\CobaltStrike\zeek_logs\2023-10-03-Pikabot-infection-with-Cobalt-Strike\dns.log,59
cobalt_strike,2023-10-03-Pikabot-infection-with-Cobalt-Strike,http,D:\ResearchPaper\Beacons\CobaltStrike\zeek_logs\2023-10-03-Pikabot-infection-with-Cobalt-Strike\http.log,7
cobalt_strike,2023-10-03-Pikabot-infection-with-Cobalt-Strike,ssl,D:\ResearchPaper\Beacons\CobaltStrike\zeek_logs\2023-10-03-Pikabot-infection-with-Cobalt-Strike\ssl.log,273
cobalt_strike,2023-10-03-Pikabot-infection-with-Cobalt-Strike,x509,D:\ResearchPaper\Beacons\CobaltStrike\zeek_logs\2023-10-03-Pikabot-infection-with-Cobalt-Strike\x509.log,23
cobalt_strike,2023-10-18-IcedID-forked-variant-infection-with-follow-up-activity-Cobalt-Strike,conn,D:\ResearchPaper\Beacons\CobaltStrike\zeek_logs\2023-10-18-IcedID-forked-variant-infection-with-follow-up-activity-Cobalt-Strike\conn.log,178
cobalt_strike,2023-10-18-IcedID-forked-variant-infection-with-follow-up-activity-Cobalt-Strike,dns,D:\ResearchPaper\Beacons\CobaltStrike\zeek_logs\2023-10-18-IcedID-forked-variant-infection-with-follow-up-activity-Cobalt-Strike\dns.log,142
cobalt_strike,2023-10-18-IcedID-forked-variant-infection-with-follow-up-activity-Cobalt-Strike,http,D:\ResearchPaper\Beacons\CobaltStrike\zeek_logs\2023-10-18-IcedID-forked-variant-infection-with-follow-up-activity-Cobalt-Strike\http.log,32
cobalt_strike,2023-10-18-IcedID-forked-variant-infection-with-follow-up-activity-Cobalt-Strike,ssl,D:\ResearchPaper\Beacons\CobaltStrike\zeek_logs\2023-10-18-IcedID-forked-variant-infection-with-follow-up-activity-Cobalt-Strike\ssl.log,65
cobalt_strike,2023-10-18-IcedID-forked-variant-infection-with-follow-up-activity-Cobalt-Strike,x509,D:\ResearchPaper\Beacons\CobaltStrike\zeek_logs\2023-10-18-IcedID-forked-variant-infection-with-follow-up-activity-Cobalt-Strike\x509.log,20
cobalt_strike,2023-11-06-404TDS-to-malware-to-Cobalt-Strike,conn,D:\ResearchPaper\Beacons\CobaltStrike\zeek_logs\2023-11-06-404TDS-to-malware-to-Cobalt-Strike\conn.log,2335
cobalt_strike,2023-11-06-404TDS-to-malware-to-Cobalt-Strike,dns,D:\ResearchPaper\Beacons\CobaltStrike\zeek_logs\2023-11-06-404TDS-to-malware-to-Cobalt-Strike\dns.log,18
cobalt_strike,2023-11-06-404TDS-to-malware-to-Cobalt-Strike,http,D:\ResearchPaper\Beacons\CobaltStrike\zeek_logs\2023-11-06-404TDS-to-malware-to-Cobalt-Strike\http.log,2754
cobalt_strike,2023-11-06-404TDS-to-malware-to-Cobalt-Strike,ssl,D:\ResearchPaper\Beacons\CobaltStrike\zeek_logs\2023-11-06-404TDS-to-malware-to-Cobalt-Strike\ssl.log,7
cobalt_strike,2023-11-06-404TDS-to-malware-to-Cobalt-Strike,x509,D:\ResearchPaper\Beacons\CobaltStrike\zeek_logs\2023-11-06-404TDS-to-malware-to-Cobalt-Strike\x509.log,4
cobalt_strike,2023-12-18-TA577-Pikabot-infection-with-Cobalt-Strike,conn,D:\ResearchPaper\Beacons\CobaltStrike\zeek_logs\2023-12-18-TA577-Pikabot-infection-with-Cobalt-Strike\conn.log,288
cobalt_strike,2023-12-18-TA577-Pikabot-infection-with-Cobalt-Strike,dns,D:\ResearchPaper\Beacons\CobaltStrike\zeek_logs\2023-12-18-TA577-Pikabot-infection-with-Cobalt-Strike\dns.log,46
cobalt_strike,2023-12-18-TA577-Pikabot-infection-with-Cobalt-Strike,http,D:\ResearchPaper\Beacons\CobaltStrike\zeek_logs\2023-12-18-TA577-Pikabot-infection-with-Cobalt-Strike\http.log,4
cobalt_strike,2023-12-18-TA577-Pikabot-infection-with-Cobalt-Strike,ssl,D:\ResearchPaper\Beacons\CobaltStrike\zeek_logs\2023-12-18-TA577-Pikabot-infection-with-Cobalt-Strike\ssl.log,186
cobalt_strike,2023-12-18-TA577-Pikabot-infection-with-Cobalt-Strike,x509,D:\ResearchPaper\Beacons\CobaltStrike\zeek_logs\2023-12-18-TA577-Pikabot-infection-with-Cobalt-Strike\x509.log,35
cobalt_strike,2024-04-18-SSLoad-with-follow-up-Cobalt-Strike-DLL,conn,D:\ResearchPaper\Beacons\CobaltStrike\zeek_logs\2024-04-18-SSLoad-with-follow-up-Cobalt-Strike-DLL\conn.log,199
cobalt_strike,2024-04-18-SSLoad-with-follow-up-Cobalt-Strike-DLL,dns,D:\ResearchPaper\Beacons\CobaltStrike\zeek_logs\2024-04-18-SSLoad-with-follow-up-Cobalt-Strike-DLL\dns.log,73
cobalt_strike,2024-04-18-SSLoad-with-follow-up-Cobalt-Strike-DLL,http,D:\ResearchPaper\Beacons\CobaltStrike\zeek_logs\2024-04-18-SSLoad-with-follow-up-Cobalt-Strike-DLL\http.log,273
cobalt_strike,2024-04-18-SSLoad-with-follow-up-Cobalt-Strike-DLL,ssl,D:\ResearchPaper\Beacons\CobaltStrike\zeek_logs\2024-04-18-SSLoad-with-follow-up-Cobalt-Strike-DLL\ssl.log,51
cobalt_strike,2024-04-18-SSLoad-with-follow-up-Cobalt-Strike-DLL,x509,D:\ResearchPaper\Beacons\CobaltStrike\zeek_logs\2024-04-18-SSLoad-with-follow-up-Cobalt-Strike-DLL\x509.log,10
cobalt_strike,Cobalt-Strike-cs2_amazon_http,conn,D:\ResearchPaper\Beacons\CobaltStrike\zeek_logs\Cobalt-Strike-cs2_amazon_http\conn.log,2594
cobalt_strike,Cobalt-Strike-cs2_amazon_http,http,D:\ResearchPaper\Beacons\CobaltStrike\zeek_logs\Cobalt-Strike-cs2_amazon_http\http.log,42
cobalt_strike,Cobalt-Strike-cs2_amazon_https,conn,D:\ResearchPaper\Beacons\CobaltStrike\zeek_logs\Cobalt-Strike-cs2_amazon_https\conn.log,28
cobalt_strike,Cobalt-Strike-cs2_amazon_https,ssl,D:\ResearchPaper\Beacons\CobaltStrike\zeek_logs\Cobalt-Strike-cs2_amazon_https\ssl.log,27
cobalt_strike,Cobalt-Strike-cs2_default_https,conn,D:\ResearchPaper\Beacons\CobaltStrike\zeek_logs\Cobalt-Strike-cs2_default_https\conn.log,84
cobalt_strike,Cobalt-Strike-cs2_default_https,ssl,D:\ResearchPaper\Beacons\CobaltStrike\zeek_logs\Cobalt-Strike-cs2_default_https\ssl.log,83
cobalt_strike,Cobalt-Strike-cs2_dns_default,conn,D:\ResearchPaper\Beacons\CobaltStrike\zeek_logs\Cobalt-Strike-cs2_dns_default\conn.log,7999
cobalt_strike,Cobalt-Strike-cs2_dns_default,dns,D:\ResearchPaper\Beacons\CobaltStrike\zeek_logs\Cobalt-Strike-cs2_dns_default\dns.log,8382
cobalt_strike,Cobalt-Strike-cs2_dns_default_with_amazon,conn,D:\ResearchPaper\Beacons\CobaltStrike\zeek_logs\Cobalt-Strike-cs2_dns_default_with_amazon\conn.log,11834
cobalt_strike,Cobalt-Strike-cs2_dns_default_with_amazon,dns,D:\ResearchPaper\Beacons\CobaltStrike\zeek_logs\Cobalt-Strike-cs2_dns_default_with_amazon\dns.log,12461
cobalt_strike,Cobalt-Strike-cs3_amazon_http,conn,D:\ResearchPaper\Beacons\CobaltStrike\zeek_logs\Cobalt-Strike-cs3_amazon_http\conn.log,50
cobalt_strike,Cobalt-Strike-cs3_amazon_http,http,D:\ResearchPaper\Beacons\CobaltStrike\zeek_logs\Cobalt-Strike-cs3_amazon_http\http.log,49
cobalt_strike,Cobalt-Strike-cs3_amazon_https,conn,D:\ResearchPaper\Beacons\CobaltStrike\zeek_logs\Cobalt-Strike-cs3_amazon_https\conn.log,2587
cobalt_strike,Cobalt-Strike-cs3_amazon_https,http,D:\ResearchPaper\Beacons\CobaltStrike\zeek_logs\Cobalt-Strike-cs3_amazon_https\http.log,1
cobalt_strike,Cobalt-Strike-cs3_amazon_https,ssl,D:\ResearchPaper\Beacons\CobaltStrike\zeek_logs\Cobalt-Strike-cs3_amazon_https\ssl.log,39
cobalt_strike,Cobalt-Strike-cs3_default_https,conn,D:\ResearchPaper\Beacons\CobaltStrike\zeek_logs\Cobalt-Strike-cs3_default_https\conn.log,2633
cobalt_strike,Cobalt-Strike-cs3_default_https,http,D:\ResearchPaper\Beacons\CobaltStrike\zeek_logs\Cobalt-Strike-cs3_default_https\http.log,1
cobalt_strike,Cobalt-Strike-cs3_default_https,ssl,D:\ResearchPaper\Beacons\CobaltStrike\zeek_logs\Cobalt-Strike-cs3_default_https\ssl.log,85
cobalt_strike,Cobalt-Strike-cs4_amazon_http,conn,D:\ResearchPaper\Beacons\CobaltStrike\zeek_logs\Cobalt-Strike-cs4_amazon_http\conn.log,15
cobalt_strike,Cobalt-Strike-cs4_amazon_http,http,D:\ResearchPaper\Beacons\CobaltStrike\zeek_logs\Cobalt-Strike-cs4_amazon_http\http.log,15
cobalt_strike,Cobalt-Strike-cs4_amazon_https,conn,D:\ResearchPaper\Beacons\CobaltStrike\zeek_logs\Cobalt-Strike-cs4_amazon_https\conn.log,30
cobalt_strike,Cobalt-Strike-cs4_amazon_https,ssl,D:\ResearchPaper\Beacons\CobaltStrike\zeek_logs\Cobalt-Strike-cs4_amazon_https\ssl.log,29
cobalt_strike,Cobalt-Strike-cs5_amazon_http,conn,D:\ResearchPaper\Beacons\CobaltStrike\zeek_logs\Cobalt-Strike-cs5_amazon_http\conn.log,16
cobalt_strike,Cobalt-Strike-cs5_amazon_http,http,D:\ResearchPaper\Beacons\CobaltStrike\zeek_logs\Cobalt-Strike-cs5_amazon_http\http.log,16
cobalt_strike,Cobalt-Strike-cs5_amazon_https,conn,D:\ResearchPaper\Beacons\CobaltStrike\zeek_logs\Cobalt-Strike-cs5_amazon_https\conn.log,39
cobalt_strike,Cobalt-Strike-cs5_amazon_https,ssl,D:\ResearchPaper\Beacons\CobaltStrike\zeek_logs\Cobalt-Strike-cs5_amazon_https\ssl.log,38
cobalt_strike,Cobalt-Strike-cs_amazon_http,conn,D:\ResearchPaper\Beacons\CobaltStrike\zeek_logs\Cobalt-Strike-cs_amazon_http\conn.log,287
cobalt_strike,Cobalt-Strike-cs_amazon_http,http,D:\ResearchPaper\Beacons\CobaltStrike\zeek_logs\Cobalt-Strike-cs_amazon_http\http.log,51
cobalt_strike,Cobalt-Strike-cs_amazon_https,conn,D:\ResearchPaper\Beacons\CobaltStrike\zeek_logs\Cobalt-Strike-cs_amazon_https\conn.log,24
cobalt_strike,Cobalt-Strike-cs_amazon_https,ssl,D:\ResearchPaper\Beacons\CobaltStrike\zeek_logs\Cobalt-Strike-cs_amazon_https\ssl.log,23
cobalt_strike,Cobalt-Strike-cs_default_https,conn,D:\ResearchPaper\Beacons\CobaltStrike\zeek_logs\Cobalt-Strike-cs_default_https\conn.log,78
cobalt_strike,Cobalt-Strike-cs_default_https,ssl,D:\ResearchPaper\Beacons\CobaltStrike\zeek_logs\Cobalt-Strike-cs_default_https\ssl.log,77
cobalt_strike,Cobalt-Strike-cs_dns_default,conn,D:\ResearchPaper\Beacons\CobaltStrike\zeek_logs\Cobalt-Strike-cs_dns_default\conn.log,6353
cobalt_strike,Cobalt-Strike-cs_dns_default,dns,D:\ResearchPaper\Beacons\CobaltStrike\zeek_logs\Cobalt-Strike-cs_dns_default\dns.log,6706
cobalt_strike,Cobalt-Strike-cs_dns_default_with_amazon,conn,D:\ResearchPaper\Beacons\CobaltStrike\zeek_logs\Cobalt-Strike-cs_dns_default_with_amazon\conn.log,11834
cobalt_strike,Cobalt-Strike-cs_dns_default_with_amazon,dns,D:\ResearchPaper\Beacons\CobaltStrike\zeek_logs\Cobalt-Strike-cs_dns_default_with_amazon\dns.log,12461
havoc,havoc_MSDT_1h,conn,D:\ResearchPaper\Beacons\Havoc\zeek_logs\havoc_MSDT_1h\conn.log,5690
havoc,havoc_MSDT_1h,dns,D:\ResearchPaper\Beacons\Havoc\zeek_logs\havoc_MSDT_1h\dns.log,607
havoc,havoc_MSDT_1h,http,D:\ResearchPaper\Beacons\Havoc\zeek_logs\havoc_MSDT_1h\http.log,1504
havoc,havoc_MSDT_1h,ssl,D:\ResearchPaper\Beacons\Havoc\zeek_logs\havoc_MSDT_1h\ssl.log,3472
havoc,havoc_MSDT_1h,x509,D:\ResearchPaper\Beacons\Havoc\zeek_logs\havoc_MSDT_1h\x509.log,39
havoc,havoc_MSDT_24h,conn,D:\ResearchPaper\Beacons\Havoc\zeek_logs\havoc_MSDT_24h\conn.log,125964
havoc,havoc_MSDT_24h,dns,D:\ResearchPaper\Beacons\Havoc\zeek_logs\havoc_MSDT_24h\dns.log,5564
havoc,havoc_MSDT_24h,http,D:\ResearchPaper\Beacons\Havoc\zeek_logs\havoc_MSDT_24h\http.log,36275
havoc,havoc_MSDT_24h,ssl,D:\ResearchPaper\Beacons\Havoc\zeek_logs\havoc_MSDT_24h\ssl.log,83437
havoc,havoc_MSDT_24h,x509,D:\ResearchPaper\Beacons\Havoc\zeek_logs\havoc_MSDT_24h\x509.log,117
mythic,mythic_24hr,conn,D:\ResearchPaper\Beacons\Mythic\zeek_logs\mythic_24hr\conn.log,7610
mythic,mythic_24hr,http,D:\ResearchPaper\Beacons\Mythic\zeek_logs\mythic_24hr\http.log,7610
mythic,mythic_C_0804,conn,D:\ResearchPaper\Beacons\Mythic\zeek_logs\mythic_C_0804\conn.log,235
mythic,mythic_C_0804,http,D:\ResearchPaper\Beacons\Mythic\zeek_logs\mythic_C_0804\http.log,249
mythic,mythic_C_1026,conn,D:\ResearchPaper\Beacons\Mythic\zeek_logs\mythic_C_1026\conn.log,3565
mythic,mythic_C_1026,dns,D:\ResearchPaper\Beacons\Mythic\zeek_logs\mythic_C_1026\dns.log,24
mythic,mythic_C_1026,http,D:\ResearchPaper\Beacons\Mythic\zeek_logs\mythic_C_1026\http.log,3401
mythic,mythic_C_1031,conn,D:\ResearchPaper\Beacons\Mythic\zeek_logs\mythic_C_1031\conn.log,5289
mythic,mythic_C_1031,dns,D:\ResearchPaper\Beacons\Mythic\zeek_logs\mythic_C_1031\dns.log,48
mythic,mythic_C_1031,http,D:\ResearchPaper\Beacons\Mythic\zeek_logs\mythic_C_1031\http.log,4885
mythic,mythic_C_1034,conn,D:\ResearchPaper\Beacons\Mythic\zeek_logs\mythic_C_1034\conn.log,5237
mythic,mythic_C_1034,dns,D:\ResearchPaper\Beacons\Mythic\zeek_logs\mythic_C_1034\dns.log,48
mythic,mythic_C_1034,http,D:\ResearchPaper\Beacons\Mythic\zeek_logs\mythic_C_1034\http.log,4873
mythic,mythic_C_1036,conn,D:\ResearchPaper\Beacons\Mythic\zeek_logs\mythic_C_1036\conn.log,5274
mythic,mythic_C_1036,dns,D:\ResearchPaper\Beacons\Mythic\zeek_logs\mythic_C_1036\dns.log,48
mythic,mythic_C_1036,http,D:\ResearchPaper\Beacons\Mythic\zeek_logs\mythic_C_1036\http.log,4890
mythic,mythic_C_1509,conn,D:\ResearchPaper\Beacons\Mythic\zeek_logs\mythic_C_1509\conn.log,2745
mythic,mythic_C_1509,dns,D:\ResearchPaper\Beacons\Mythic\zeek_logs\mythic_C_1509\dns.log,1
mythic,mythic_C_1509,http,D:\ResearchPaper\Beacons\Mythic\zeek_logs\mythic_C_1509\http.log,2784
mythic,mythic_C_1541,conn,D:\ResearchPaper\Beacons\Mythic\zeek_logs\mythic_C_1541\conn.log,2759
mythic,mythic_C_1541,dns,D:\ResearchPaper\Beacons\Mythic\zeek_logs\mythic_C_1541\dns.log,1
mythic,mythic_C_1541,http,D:\ResearchPaper\Beacons\Mythic\zeek_logs\mythic_C_1541\http.log,2778
mythic,mythic_C_1615,conn,D:\ResearchPaper\Beacons\Mythic\zeek_logs\mythic_C_1615\conn.log,1511
mythic,mythic_C_1615,dns,D:\ResearchPaper\Beacons\Mythic\zeek_logs\mythic_C_1615\dns.log,4
mythic,mythic_C_1615,http,D:\ResearchPaper\Beacons\Mythic\zeek_logs\mythic_C_1615\http.log,1521
mythic,mythic_C_1817,conn,D:\ResearchPaper\Beacons\Mythic\zeek_logs\mythic_C_1817\conn.log,1450
mythic,mythic_C_1817,dns,D:\ResearchPaper\Beacons\Mythic\zeek_logs\mythic_C_1817\dns.log,4
mythic,mythic_C_1817,http,D:\ResearchPaper\Beacons\Mythic\zeek_logs\mythic_C_1817\http.log,1500
mythic,mythic_C_2020,conn,D:\ResearchPaper\Beacons\Mythic\zeek_logs\mythic_C_2020\conn.log,1498
mythic,mythic_C_2020,dns,D:\ResearchPaper\Beacons\Mythic\zeek_logs\mythic_C_2020\dns.log,4
mythic,mythic_C_2020,http,D:\ResearchPaper\Beacons\Mythic\zeek_logs\mythic_C_2020\http.log,1528
mythic,mythic_C_2223,conn,D:\ResearchPaper\Beacons\Mythic\zeek_logs\mythic_C_2223\conn.log,3597
mythic,mythic_C_2223,dns,D:\ResearchPaper\Beacons\Mythic\zeek_logs\mythic_C_2223\dns.log,24
mythic,mythic_C_2223,http,D:\ResearchPaper\Beacons\Mythic\zeek_logs\mythic_C_2223\http.log,3413
mythic,mythic_C_2228,conn,D:\ResearchPaper\Beacons\Mythic\zeek_logs\mythic_C_2228\conn.log,3511
mythic,mythic_C_2228,dns,D:\ResearchPaper\Beacons\Mythic\zeek_logs\mythic_C_2228\dns.log,24
mythic,mythic_C_2228,http,D:\ResearchPaper\Beacons\Mythic\zeek_logs\mythic_C_2228\http.log,3407
sliver,2021-10-20-Stolen-Images-Evidence-campaign-pushes-Sliver,conn,D:\ResearchPaper\Beacons\Sliver\zeek_logs\2021-10-20-Stolen-Images-Evidence-campaign-pushes-Sliver\conn.log,32
sliver,2021-10-20-Stolen-Images-Evidence-campaign-pushes-Sliver,dns,D:\ResearchPaper\Beacons\Sliver\zeek_logs\2021-10-20-Stolen-Images-Evidence-campaign-pushes-Sliver\dns.log,13
sliver,2021-10-20-Stolen-Images-Evidence-campaign-pushes-Sliver,http,D:\ResearchPaper\Beacons\Sliver\zeek_logs\2021-10-20-Stolen-Images-Evidence-campaign-pushes-Sliver\http.log,2
sliver,2021-10-20-Stolen-Images-Evidence-campaign-pushes-Sliver,ssl,D:\ResearchPaper\Beacons\Sliver\zeek_logs\2021-10-20-Stolen-Images-Evidence-campaign-pushes-Sliver\ssl.log,18
sliver,2021-10-20-TA551-pushes-Sliver,conn,D:\ResearchPaper\Beacons\Sliver\zeek_logs\2021-10-20-TA551-pushes-Sliver\conn.log,97
sliver,2021-10-20-TA551-pushes-Sliver,dns,D:\ResearchPaper\Beacons\Sliver\zeek_logs\2021-10-20-TA551-pushes-Sliver\dns.log,5
sliver,2021-10-20-TA551-pushes-Sliver,http,D:\ResearchPaper\Beacons\Sliver\zeek_logs\2021-10-20-TA551-pushes-Sliver\http.log,1
sliver,2021-10-20-TA551-pushes-Sliver,ssl,D:\ResearchPaper\Beacons\Sliver\zeek_logs\2021-10-20-TA551-pushes-Sliver\ssl.log,91
sliver,sliver_A_0623,conn,D:\ResearchPaper\Beacons\Sliver\zeek_logs\sliver_A_0623\conn.log,19283
sliver,sliver_A_0623,dns,D:\ResearchPaper\Beacons\Sliver\zeek_logs\sliver_A_0623\dns.log,24
sliver,sliver_A_0623,ssl,D:\ResearchPaper\Beacons\Sliver\zeek_logs\sliver_A_0623\ssl.log,17777
sliver,sliver_A_0639,conn,D:\ResearchPaper\Beacons\Sliver\zeek_logs\sliver_A_0639\conn.log,30017
sliver,sliver_A_0639,dns,D:\ResearchPaper\Beacons\Sliver\zeek_logs\sliver_A_0639\dns.log,48
sliver,sliver_A_0639,ssl,D:\ResearchPaper\Beacons\Sliver\zeek_logs\sliver_A_0639\ssl.log,27581
sliver,sliver_A_0647,conn,D:\ResearchPaper\Beacons\Sliver\zeek_logs\sliver_A_0647\conn.log,31336
sliver,sliver_A_0647,dns,D:\ResearchPaper\Beacons\Sliver\zeek_logs\sliver_A_0647\dns.log,48
sliver,sliver_A_0647,ssl,D:\ResearchPaper\Beacons\Sliver\zeek_logs\sliver_A_0647\ssl.log,27582
sliver,sliver_A_0655,conn,D:\ResearchPaper\Beacons\Sliver\zeek_logs\sliver_A_0655\conn.log,30254
sliver,sliver_A_0655,dns,D:\ResearchPaper\Beacons\Sliver\zeek_logs\sliver_A_0655\dns.log,48
sliver,sliver_A_0655,ssl,D:\ResearchPaper\Beacons\Sliver\zeek_logs\sliver_A_0655\ssl.log,27565
sliver,sliver_A_0950,conn,D:\ResearchPaper\Beacons\Sliver\zeek_logs\sliver_A_0950\conn.log,5489
sliver,sliver_A_0950,dns,D:\ResearchPaper\Beacons\Sliver\zeek_logs\sliver_A_0950\dns.log,1
sliver,sliver_A_0950,ssl,D:\ResearchPaper\Beacons\Sliver\zeek_logs\sliver_A_0950\ssl.log,5427
sliver,sliver_A_1029,conn,D:\ResearchPaper\Beacons\Sliver\zeek_logs\sliver_A_1029\conn.log,4617
sliver,sliver_A_1029,ssl,D:\ResearchPaper\Beacons\Sliver\zeek_logs\sliver_A_1029\ssl.log,4557
sliver,sliver_A_1109,conn,D:\ResearchPaper\Beacons\Sliver\zeek_logs\sliver_A_1109\conn.log,4188
sliver,sliver_A_1109,dns,D:\ResearchPaper\Beacons\Sliver\zeek_logs\sliver_A_1109\dns.log,1
sliver,sliver_A_1109,ssl,D:\ResearchPaper\Beacons\Sliver\zeek_logs\sliver_A_1109\ssl.log,4118
sliver,sliver_A_1148,conn,D:\ResearchPaper\Beacons\Sliver\zeek_logs\sliver_A_1148\conn.log,6093
sliver,sliver_A_1148,dns,D:\ResearchPaper\Beacons\Sliver\zeek_logs\sliver_A_1148\dns.log,4
sliver,sliver_A_1148,ssl,D:\ResearchPaper\Beacons\Sliver\zeek_logs\sliver_A_1148\ssl.log,5864
sliver,sliver_A_1358,conn,D:\ResearchPaper\Beacons\Sliver\zeek_logs\sliver_A_1358\conn.log,6017
sliver,sliver_A_1358,dns,D:\ResearchPaper\Beacons\Sliver\zeek_logs\sliver_A_1358\dns.log,4
sliver,sliver_A_1358,ssl,D:\ResearchPaper\Beacons\Sliver\zeek_logs\sliver_A_1358\ssl.log,5791
sliver,sliver_A_1607,conn,D:\ResearchPaper\Beacons\Sliver\zeek_logs\sliver_A_1607\conn.log,5930
sliver,sliver_A_1607,dns,D:\ResearchPaper\Beacons\Sliver\zeek_logs\sliver_A_1607\dns.log,4
sliver,sliver_A_1607,ssl,D:\ResearchPaper\Beacons\Sliver\zeek_logs\sliver_A_1607\ssl.log,5689
sliver,sliver_A_1815,conn,D:\ResearchPaper\Beacons\Sliver\zeek_logs\sliver_A_1815\conn.log,19022
sliver,sliver_A_1815,dns,D:\ResearchPaper\Beacons\Sliver\zeek_logs\sliver_A_1815\dns.log,24
sliver,sliver_A_1815,ssl,D:\ResearchPaper\Beacons\Sliver\zeek_logs\sliver_A_1815\ssl.log,17820
sliver,sliver_A_1831,conn,D:\ResearchPaper\Beacons\Sliver\zeek_logs\sliver_A_1831\conn.log,19310
sliver,sliver_A_1831,dns,D:\ResearchPaper\Beacons\Sliver\zeek_logs\sliver_A_1831\dns.log,24
sliver,sliver_A_1831,ssl,D:\ResearchPaper\Beacons\Sliver\zeek_logs\sliver_A_1831\ssl.log,17780
